Workbook

Sheet keycodes
A1: 日本語キー | B1: 英語キー | C1: キーコード | D1: 備考 | E1: キーコードエイリアス
A2: NOOP | B2: NOOP | C2: XXXXXXX
A3: Transparent | B3: Transparent | C3: _______
A4: A | B4: A | C4: KC_A
A5: B | B5: B | C5: KC_B
A6: C | B6: C | C6: KC_C
A7: D | B7: D | C7: KC_D
A8: E | B8: E | C8: KC_E
A9: F | B9: F | C9: KC_F
A10: G | B10: G | C10: KC_G
A11: H | B11: H | C11: KC_H
A12: I | B12: I | C12: KC_I
A13: J | B13: J | C13: KC_J
... A29: Z | B29: Z | C29: KC_Z
A30: 1 | B30: 1 | C30: KC_1
A31: 2 | B31: 2 | C31: KC_2
A32: 3 | B32: 3 | C32: KC_3
A33: 4 | B33: 4 | C33: KC_4
A34: 5 | B34: 5 | C34: KC_5
A35: 6 | B35: 6 | C35: KC_6
A36: 7 | B36: 7 | C36: KC_7
A37: 8 | B37: 8 | C37: KC_8
A38: 9 | B38: 9 | C38: KC_9
A39: 0 | B39: 0 | C39: KC_0
A40: F1 | B40: F1 | C40: KC_F1
A41: F2 | B41: F2 | C41: KC_F2
A42: F3 | B42: F3 | C42: KC_F3
A43: F4 | B43: F4 | C43: KC_F4
A44: F5 | B44: F5 | C44: KC_F5
A45: F6 | B45: F6 | C45: KC_F6
A46: F7 | B46: F7 | C46: KC_F7
A47: F8 | B47: F8 | C47: KC_F8
A48: F9 | B48: F9 | C48: KC_F9
A49: F10 | B49: F10 | C49: KC_F10
A50: F11 | B50: F11 | C50: KC_F11
A51: F12 | B51: F12 | C51: KC_F12
... A68: Left Alt | B68: Left Alt | C68: KC_LALT
A69: Left GUI | B69: Left GUI | C69: KC_LGUI | D69: Windows
A70: Right Control | B70: Right Control | C70: KC_RCTL
A71: Right Shift | B71: Right Shift | C71: KC_RSFT
A72: Right Alt | B72: Right Alt | C72: KC_RALT
A73: Right GUI | B73: Right GUI | C73: KC_RGUI | D73: Windows
A74: APP | B74: APP | C74: KC_APP | D74: コンテキスト
A75: - | B75: - | C75: KC_MINS
A76: @ | B76: [ | C76: KC_LBRC
A77: ; | B77: ; | C77: KC_SCLN
A78: : | B78: ' | C78: KC_QUOT
A79: , | B79: , | C79: KC_COMM
A80: . | B80: . | C80: KC_DOT
A81: / | B81: / | C81: KC_SLSH
A82: \ | C82: KC_RO | D82: アンダースコア | E82: KC_INT1
A83: [ | B83: ] | C83: KC_RBRC
A84: ] | B84: \ | C84: KC_BSLS
A85: ^ | B85: = | C85: KC_EQL
A86: \ | C86: KC_JYEN | D86: パイプ | E86: KC_INT3
A87: 半角/全角 | C87: KC_GRV
A88: 無変換 | C88: KC_MHEN | E88: KC_INT5
A89: 変換 | C89: KC_HENK | E89: KC_INT4
A90: Volume Up | B90: Volume Up | C90: KC_VOLU
A91: Volume Down | B91: Volume Down | C91: KC_VOLD
A92: その他
A93: 日本語キー | B93: 英語キー | C93: キーコード | D93: 備考
A94: Print Screen | B94: Print Screen | C94: KC_PSCR
A95: Windows Context | B95: Windows Context | C95: KC_APP
A96: Menu | B96: Menu | C96: KC_MENU
A97: Select | B97: Select | C97: KC_SLCT
A98: Stop | B98: Stop | C98: KC_STOP
A99: Again | B99: Again | C99: KC_AGIN
A100: Undo | B100: Undo | C100: KC_UNDO
A101: Cut | B101: Cut | C101: KC_CUT
A102: Copy | B102: Copy | C102: KC_COPY
A103: Paste | B103: Paste | C103: KC_PSTE
A104: Find | B104: Find | C104: KC_FIND
A105: C Undo | B105: C Undo | C105: C(KC_Z)
... A109: C Find | B109: C Find | C109: C(KC_F)
A110: S ! | C110: S(KC_1)
A111: S " | C111: S(KC_2)
A112: S # | C112: S(KC_3)
A113: S $ | C113: S(KC_4)
A114: S % | C114: S(KC_5)
A115: S & | C115: S(KC_6)
A116: S ' | C116: S(KC_7)
A117: S ( | C117: S(KC_8)
A118: S ) | C118: S(KC_9)
A119: S = | C119: S(KC_MINS)
A120: S Tilde | C120: S(KC_EQL) | D120: ~
A121: S | | C121: S(KC_JYEN) | E121: S(KC_INT3)
A122: S ` | C122: S(KC_LBRC)
A123: S + | C123: S(KC_SCLN)
A124: S Ast | C124: S(KC_QUOT) | D124: *
A125: S < | C125: S(KC_COMM)
A126: S > | C126: S(KC_DOT)
A127: S Ques | C127: S(KC_SLSH) | D127: ?
A128: S _ | C128: S(KC_RO) | E128: S(KC_INT1)
A129: S { | C129: S(KC_RBRC)
A130: S } | C130: S(KC_BSLS)
A131: W < | C131: SGUI(KC_LEFT) | D131: アクティブウィンドウを左のディスプレイへ移動
A132: W > | C132: SGUI(KC_RIGHT) | D132: アクティブウィンドウを右のディスプレイへ移動
A133: TERM | B133: TERM | C133: TERM | D133: レイアウト定義の末尾
A134: NONE | B134: NONE | C134: NONE | D134: キーが存在しないセル
...

Sheet YuhichYOC
B1: Japanese
A3: DEFAULT | B3: Esc | C3: Q | D3: W | E3: E | F3: R | G3: T | H3: NONE | I3: NONE | J3: Y | K3: U | L3: I | M3: O | N3: P | O3: @
B4: Tab | C4: A | D4: S | E4: D | F4: F | G4: G | H4: NONE | I4: NONE | J4: H | K4: J | L4: K | M4: L | N4: ; | O4: :
B5: Left Control | C5: Z | D5: X | E5: C | F5: V | G5: B | H5: NONE | I5: NONE | J5: N | K5: M | L5: , | M5: . | N5: / | O5: \
B6: NONE | C6: NONE | D6: NONE | E6: NONE | F6: ToggleRaise | G6: MoRaise | H6: Shift & Space | I6: Shift & Enter | J6: MoLower | K6: ToggleLower | L6: TERM | M6: TERM | N6: TERM | O6: TERM
A7: LOWER | B7: APP | C7: S ! | D7: S " | E7: S # | F7: S $ | G7: S % | H7: NONE | I7: NONE | J7: S & | K7: S ' | L7: S ( | M7: S ) | O7: S `
B8: Left GUI | D8: Home | E8: Page Up | F8: Page Down | G8: End | H8: NONE | I8: NONE | J8: Left Arrow | K8: Down Arrow | L8: Up Arrow | M8: Right Arrow | N8: ^ | O8: -
B9: Transparent | C9: Left Alt | F9: 無変換 | G9: Backspace | H9: NONE | I9: NONE | J9: Delete | K9: 変換 | L9: [ | M9: ] | N9: S Tilde | O9: S |
B10: NONE | C10: NONE | D10: NONE | E10: NONE | F10: Transparent | G10: Transparent | H10: Transparent | I10: Transparent | J10: Transparent | K10: Transparent | L10: TERM | M10: TERM | N10: TERM | O10: TERM
A11: RAISE | B11: F1 | C11: F2 | D11: F3 | E11: F4 | F11: F5 | G11: F6 | H11: NONE | I11: NONE | J11: F7 | K11: F8 | L11: F9 | M11: F10 | N11: F11 | O11: F12
B12: 半角/全角 | C12: 1 | D12: 2 | E12: 3 | F12: 4 | G12: 5 | H12: NONE | I12: NONE | J12: 6 | K12: 7 | L12: 8 | M12: 9 | N12: 0 | O12: Transparent
B13: Transparent | C13: Transparent | D13: Wheel Left | E13: Wheel Right | F13: Transparent | G13: Transparent | H13: NONE | I13: NONE | J13: Transparent | K13: Transparent | L13: , | M13: . | N13: / | O13: \
B14: NONE | C14: NONE | D14: NONE | E14: NONE | F14: Transparent | G14: Transparent | H14: Transparent | I14: Transparent | J14: Transparent | K14: Transparent | L14: TERM | M14: TERM | N14: TERM | O14: TERM
A15: ADJUST | B15: Esc | C15: Q | D15: W | E15: E | F15: R | G15: T | H15: NONE | I15: NONE | J15: Y | K15: U | L15: I | M15: O | N15: P | O15: @
B16: Tab | C16: A | D16: S | E16: D | F16: F | G16: G | H16: NONE | I16: NONE | J16: H | K16: J | L16: K | M16: L | N16: ; | O16: :
B17: Transparent | C17: Z | D17: X | E17: C | F17: V | G17: B | H17: NONE | I17: NONE | J17: N | K17: M | L17: Transparent | M17: Transparent | N17: Transparent | O17: Transparent
B18: NONE | C18: NONE | D18: NONE | E18: NONE | F18: ToggleRaise | G18: Space | H18: MoRaiseAdjust | I18: MoLowerAdjust | J18: Enter | K18: ToggleLower | L18: TERM | M18: TERM | N18: TERM | O18: TERM
A19: LOWER_ADJUST | C19: S ! | D19: S " | E19: S # | F19: S $ | G19: S % | H19: NONE | I19: NONE | J19: S & | K19: S ' | L19: S ( | M19: S ) | O19: S `
D20: Home | E20: Page Up | F20: Page Down | G20: End | H20: NONE | I20: NONE | J20: Left Arrow | K20: Down Arrow | L20: Up Arrow | M20: Right Arrow | N20: ^ | O20: -
B21: Transparent | C21: Left Alt | F21: 無変換 | G21: Backspace | H21: NONE | I21: NONE | J21: Delete | K21: 変換 | L21: [ | M21: ] | N21: S Tilde | O21: S |
B22: NONE | C22: NONE | D22: NONE | E22: NONE | F22: Transparent | G22: Transparent | H22: Transparent | I22: Transparent | J22: Transparent | K22: Transparent | L22: TERM | M22: TERM | N22: TERM | O22: TERM
A23: RAISE_ADJUST | B23: F1 | C23: F2 | D23: F3 | E23: F4 | F23: F5 | G23: F6 | H23: NONE | I23: NONE | J23: F7 | K23: F8 | L23: F9 | M23: F10 | N23: F11 | O23: F12
C24: 1 | D24: 2 | E24: 3 | F24: 4 | G24: 5 | H24: NONE | I24: NONE | J24: 6 | K24: 7 | L24: 8 | M24: 9 | N24: 0 | O24: Transparent
B25: Transparent | C25: Transparent | D25: Volume Down | E25: Volume Up | F25: Transparent | G25: Transparent | H25: NONE | I25: NONE | J25: Transparent | K25: Transparent | L25: , | M25: . | N25: / | O25: \
B26: NONE | C26: NONE | D26: NONE | E26: NONE | F26: Transparent | G26: Transparent | H26: Transparent | I26: Transparent | J26: Transparent | K26: Transparent | L26: TERM | M26: TERM | N26: TERM | O26: TERM
A29: DEFAULT | B29: =IF(B3="",keycodes!$C$2,IF($B$1="Japanese",IF(INDEX(keycodes!$E:$E,MATCH(B3,keycodes!$A:$A,0),0)<>"",INDEX(keycodes!$E:$E,MATCH(B3,keycodes!$A:$A,0),0),INDEX(keycodes!$C:$C,MATCH(B3,keycodes!$A:$A,0),0)),INDEX(keycodes!$C:$C,MATCH(B3,keycodes!$B:$B,0),0))) -> KC_ESC | C29: =IF(C3="",keycodes!$C$2,IF($B$1="Japanese",IF(INDEX(keycodes!$E:$E,MATCH(C3,keycodes!$A:$A,0),0)<>"",INDEX(keycodes!$E:$E,MATCH(C3,keycodes!$A:$A,0),0),INDEX(keycodes!$C:$C,MATCH(C3,keycodes!$A:$A,0),0)),INDEX(keycodes!$C:$C,MATCH(C3,keycodes!$B:$B,0),0))) -> KC_Q | D29: =IF(D3="",keycodes!$C$2,IF($B$1="Japanese",IF(INDEX(keycodes!$E:$E,MATCH(D3,keycodes!$A:$A,0),0)<>"",INDEX(keycodes!$E:$E,MATCH(D3,keycodes!$A:$A,0),0),INDEX(keycodes!$C:$C,MATCH(D3,keycodes!$A:$A,0),0)),INDEX(keycodes!$C:$C,MATCH(D3,keycodes!$B:$B,0),0))) -> KC_W | E29: =IF(E3="",keycodes!$C$2,IF($B$1="Japanese",IF(INDEX(keycodes!$E:$E,MATCH(E3,keycodes!$A:$A,0),0)<>"",INDEX(keycodes!$E:$E,MATCH(E3,keycodes!$A:$A,0),0),INDEX(keycodes!$C:$C,MATCH(E3,keycodes!$A:$A,0),0)),INDEX(keycodes!$C:$C,MATCH(E3,keycodes!$B:$B,0),0))) -> KC_E | F29: =IF(F3="",keycodes!$C$2,IF($B$1="Japanese",IF(INDEX(keycodes!$E:$E,MATCH(F3,keycodes!$A:$A,0),0)<>"",INDEX(keycodes!$E:$E,MATCH(F3,keycodes!$A:$A,0),0),INDEX(keycodes!$C:$C,MATCH(F3,keycodes!$A:$A,0),0)),INDEX(keycodes!$C:$C,MATCH(F3,keycodes!$B:$B,0),0))) -> KC_R | G29: =IF(G3="",keycodes!$C$2,IF($B$1="Japanese",IF(INDEX(keycodes!$E:$E,MATCH(G3,keycodes!$A:$A,0),0)<>"",INDEX(keycodes!$E:$E,MATCH(G3,keycodes!$A:$A,0),0),INDEX(keycodes!$C:$C,MATCH(G3,keycodes!$A:$A,0),0)),INDEX(keycodes!$C:$C,MATCH(G3,keycodes!$B:$B,0),0))) -> KC_T | H29: =IF(H3="",keycodes!$C$2,IF($B$1="Japanese",IF(INDEX(keycodes!$E:$E,MATCH(H3,keycodes!$A:$A,0),0)<>"",INDEX(keycodes!$E:$E,MATCH(H3,keycodes!$A:$A,0),0),INDEX(keycodes!$C:$C,MATCH(H3,keycodes!$A:$A,0),0)),INDEX(keycodes!$C:$C,MATCH(H3,keycodes!$B:$B,0),0))) -> NONE | I29: =IF(I3="",keycodes!$C$2,IF($B$1="Japanese",IF(INDEX(keycodes!$E:$E,MATCH(I3,keycodes!$A:$A,0),0)<>"",INDEX(keycodes!$E:$E,MATCH(I3,keycodes!$A:$A,0),0),INDEX(keycodes!$C:$C,MATCH(I3,keycodes!$A:$A,0),0)),INDEX(keycodes!$C:$C,MATCH(I3,keycodes!$B:$B,0),0))) -> NONE | ... O29: =IF(O3="",keycodes!$C$2,IF($B$1="Japanese",IF(INDEX(keycodes!$E:$E,MATCH(O3,keycodes!$A:$A,0),0)<>"",INDEX(keycodes!$E:$E,MATCH(O3,keycodes!$A:$A,0),0),INDEX(keycodes!$C:$C,MATCH(O3,keycodes!$A:$A,0),0)),INDEX(keycodes!$C:$C,MATCH(O3,keycodes!$B:$B,0),0))) -> KC_LBRC
B30: =IF(B4="",keycodes!$C$2,IF($B$1="Japanese",IF(INDEX(keycodes!$E:$E,MATCH(B4,keycodes!$A:$A,0),0)<>"",INDEX(keycodes!$E:$E,MATCH(B4,keycodes!$A:$A,0),0),INDEX(keycodes!$C:$C,MATCH(B4,keycodes!$A:$A,0),0)),INDEX(keycodes!$C:$C,MATCH(B4,keycodes!$B:$B,0),0))) -> KC_TAB | C30: =IF(C4="",keycodes!$C$2,IF($B$1="Japanese",IF(INDEX(keycodes!$E:$E,MATCH(C4,keycodes!$A:$A,0),0)<>"",INDEX(keycodes!$E:$E,MATCH(C4,keycodes!$A:$A,0),0),INDEX(keycodes!$C:$C,MATCH(C4,keycodes!$A:$A,0),0)),INDEX(keycodes!$C:$C,MATCH(C4,keycodes!$B:$B,0),0))) -> KC_A | D30: =IF(D4="",keycodes!$C$2,IF($B$1="Japanese",IF(INDEX(keycodes!$E:$E,MATCH(D4,keycodes!$A:$A,0),0)<>"",INDEX(keycodes!$E:$E,MATCH(D4,keycodes!$A:$A,0),0),INDEX(keycodes!$C:$C,MATCH(D4,keycodes!$A:$A,0),0)),INDEX(keycodes!$C:$C,MATCH(D4,keycodes!$B:$B,0),0))) -> KC_S | E30: =IF(E4="",keycodes!$C$2,IF($B$1="Japanese",IF(INDEX(keycodes!$E:$E,MATCH(E4,keycodes!$A:$A,0),0)<>"",INDEX(keycodes!$E:$E,MATCH(E4,keycodes!$A:$A,0),0),INDEX(keycodes!$C:$C,MATCH(E4,keycodes!$A:$A,0),0)),INDEX(keycodes!$C:$C,MATCH(E4,keycodes!$B:$B,0),0))) -> KC_D | F30: =IF(F4="",keycodes!$C$2,IF($B$1="Japanese",IF(INDEX(keycodes!$E:$E,MATCH(F4,keycodes!$A:$A,0),0)<>"",INDEX(keycodes!$E:$E,MATCH(F4,keycodes!$A:$A,0),0),INDEX(keycodes!$C:$C,MATCH(F4,keycodes!$A:$A,0),0)),INDEX(keycodes!$C:$C,MATCH(F4,keycodes!$B:$B,0),0))) -> KC_F | G30: =IF(G4="",keycodes!$C$2,IF($B$1="Japanese",IF(INDEX(keycodes!$E:$E,MATCH(G4,keycodes!$A:$A,0),0)<>"",INDEX(keycodes!$E:$E,MATCH(G4,keycodes!$A:$A,0),0),INDEX(keycodes!$C:$C,MATCH(G4,keycodes!$A:$A,0),0)),INDEX(keycodes!$C:$C,MATCH(G4,keycodes!$B:$B,0),0))) -> KC_G | H30: =IF(H4="",keycodes!$C$2,IF($B$1="Japanese",IF(INDEX(keycodes!$E:$E,MATCH(H4,keycodes!$A:$A,0),0)<>"",INDEX(keycodes!$E:$E,MATCH(H4,keycodes!$A:$A,0),0),INDEX(keycodes!$C:$C,MATCH(H4,keycodes!$A:$A,0),0)),INDEX(keycodes!$C:$C,MATCH(H4,keycodes!$B:$B,0),0))) -> NONE | I30: =IF(I4="",keycodes!$C$2,IF($B$1="Japanese",IF(INDEX(keycodes!$E:$E,MATCH(I4,keycodes!$A:$A,0),0)<>"",INDEX(keycodes!$E:$E,MATCH(I4,keycodes!$A:$A,0),0),INDEX(keycodes!$C:$C,MATCH(I4,keycodes!$A:$A,0),0)),INDEX(keycodes!$C:$C,MATCH(I4,keycodes!$B:$B,0),0))) -> NONE | ... O30: =IF(O4="",keycodes!$C$2,IF($B$1="Japanese",IF(INDEX(keycodes!$E:$E,MATCH(O4,keycodes!$A:$A,0),0)<>"",INDEX(keycodes!$E:$E,MATCH(O4,keycodes!$A:$A,0),0),INDEX(keycodes!$C:$C,MATCH(O4,keycodes!$A:$A,0),0)),INDEX(keycodes!$C:$C,MATCH(O4,keycodes!$B:$B,0),0))) -> KC_QUOT
B31: =IF(B5="",keycodes!$C$2,IF($B$1="Japanese",IF(INDEX(keycodes!$E:$E,MATCH(B5,keycodes!$A:$A,0),0)<>"",INDEX(keycodes!$E:$E,MATCH(B5,keycodes!$A:$A,0),0),INDEX(keycodes!$C:$C,MATCH(B5,keycodes!$A:$A,0),0)),INDEX(keycodes!$C:$C,MATCH(B5,keycodes!$B:$B,0),0))) -> KC_LCTL | C31: =IF(C5="",keycodes!$C$2,IF($B$1="Japanese",IF(INDEX(keycodes!$E:$E,MATCH(C5,keycodes!$A:$A,0),0)<>"",INDEX(keycodes!$E:$E,MATCH(C5,keycodes!$A:$A,0),0),INDEX(keycodes!$C:$C,MATCH(C5,keycodes!$A:$A,0),0)),INDEX(keycodes!$C:$C,MATCH(C5,keycodes!$B:$B,0),0))) -> KC_Z | D31: =IF(D5="",keycodes!$C$2,IF($B$1="Japanese",IF(INDEX(keycodes!$E:$E,MATCH(D5,keycodes!$A:$A,0),0)<>"",INDEX(keycodes!$E:$E,MATCH(D5,keycodes!$A:$A,0),0),INDEX(keycodes!$C:$C,MATCH(D5,keycodes!$A:$A,0),0)),INDEX(keycodes!$C:$C,MATCH(D5,keycodes!$B:$B,0),0))) -> KC_X | E31: =IF(E5="",keycodes!$C$2,IF($B$1="Japanese",IF(INDEX(keycodes!$E:$E,MATCH(E5,keycodes!$A:$A,0),0)<>"",INDEX(keycodes!$E:$E,MATCH(E5,keycodes!$A:$A,0),0),INDEX(keycodes!$C:$C,MATCH(E5,keycodes!$A:$A,0),0)),INDEX(keycodes!$C:$C,MATCH(E5,keycodes!$B:$B,0),0))) -> KC_C | F31: =IF(F5="",keycodes!$C$2,IF($B$1="Japanese",IF(INDEX(keycodes!$E:$E,MATCH(F5,keycodes!$A:$A,0),0)<>"",INDEX(keycodes!$E:$E,MATCH(F5,keycodes!$A:$A,0),0),INDEX(keycodes!$C:$C,MATCH(F5,keycodes!$A:$A,0),0)),INDEX(keycodes!$C:$C,MATCH(F5,keycodes!$B:$B,0),0))) -> KC_V | G31: =IF(G5="",keycodes!$C$2,IF($B$1="Japanese",IF(INDEX(keycodes!$E:$E,MATCH(G5,keycodes!$A:$A,0),0)<>"",INDEX(keycodes!$E:$E,MATCH(G5,keycodes!$A:$A,0),0),INDEX(keycodes!$C:$C,MATCH(G5,keycodes!$A:$A,0),0)),INDEX(keycodes!$C:$C,MATCH(G5,keycodes!$B:$B,0),0))) -> KC_B | H31: =IF(H5="",keycodes!$C$2,IF($B$1="Japanese",IF(INDEX(keycodes!$E:$E,MATCH(H5,keycodes!$A:$A,0),0)<>"",INDEX(keycodes!$E:$E,MATCH(H5,keycodes!$A:$A,0),0),INDEX(keycodes!$C:$C,MATCH(H5,keycodes!$A:$A,0),0)),INDEX(keycodes!$C:$C,MATCH(H5,keycodes!$B:$B,0),0))) -> NONE | I31: =IF(I5="",keycodes!$C$2,IF($B$1="Japanese",IF(INDEX(keycodes!$E:$E,MATCH(I5,keycodes!$A:$A,0),0)<>"",INDEX(keycodes!$E:$E,MATCH(I5,keycodes!$A:$A,0),0),INDEX(keycodes!$C:$C,MATCH(I5,keycodes!$A:$A,0),0)),INDEX(keycodes!$C:$C,MATCH(I5,keycodes!$B:$B,0),0))) -> NONE | ... O31: =IF(O5="",keycodes!$C$2,IF($B$1="Japanese",IF(INDEX(keycodes!$E:$E,MATCH(O5,keycodes!$A:$A,0),0)<>"",INDEX(keycodes!$E:$E,MATCH(O5,keycodes!$A:$A,0),0),INDEX(keycodes!$C:$C,MATCH(O5,keycodes!$A:$A,0),0)),INDEX(keycodes!$C:$C,MATCH(O5,keycodes!$B:$B,0),0))) -> KC_INT1
B32: =IF(B6="",keycodes!$C$2,IF($B$1="Japanese",IF(INDEX(keycodes!$E:$E,MATCH(B6,keycodes!$A:$A,0),0)<>"",INDEX(keycodes!$E:$E,MATCH(B6,keycodes!$A:$A,0),0),INDEX(keycodes!$C:$C,MATCH(B6,keycodes!$A:$A,0),0)),INDEX(keycodes!$C:$C,MATCH(B6,keycodes!$B:$B,0),0))) -> NONE | C32: =IF(C6="",keycodes!$C$2,IF($B$1="Japanese",IF(INDEX(keycodes!$E:$E,MATCH(C6,keycodes!$A:$A,0),0)<>"",INDEX(keycodes!$E:$E,MATCH(C6,keycodes!$A:$A,0),0),INDEX(keycodes!$C:$C,MATCH(C6,keycodes!$A:$A,0),0)),INDEX(keycodes!$C:$C,MATCH(C6,keycodes!$B:$B,0),0))) -> NONE | D32: =IF(D6="",keycodes!$C$2,IF($B$1="Japanese",IF(INDEX(keycodes!$E:$E,MATCH(D6,keycodes!$A:$A,0),0)<>"",INDEX(keycodes!$E:$E,MATCH(D6,keycodes!$A:$A,0),0),INDEX(keycodes!$C:$C,MATCH(D6,keycodes!$A:$A,0),0)),INDEX(keycodes!$C:$C,MATCH(D6,keycodes!$B:$B,0),0))) -> NONE | E32: =IF(E6="",keycodes!$C$2,IF($B$1="Japanese",IF(INDEX(keycodes!$E:$E,MATCH(E6,keycodes!$A:$A,0),0)<>"",INDEX(keycodes!$E:$E,MATCH(E6,keycodes!$A:$A,0),0),INDEX(keycodes!$C:$C,MATCH(E6,keycodes!$A:$A,0),0)),INDEX(keycodes!$C:$C,MATCH(E6,keycodes!$B:$B,0),0))) -> NONE | F32: =IF(F6="",keycodes!$C$2,IF($B$1="Japanese",IF(INDEX(keycodes!$E:$E,MATCH(F6,keycodes!$A:$A,0),0)<>"",INDEX(keycodes!$E:$E,MATCH(F6,keycodes!$A:$A,0),0),INDEX(keycodes!$C:$C,MATCH(F6,keycodes!$A:$A,0),0)),INDEX(keycodes!$C:$C,MATCH(F6,keycodes!$B:$B,0),0))) -> TG_R | G32: =IF(G6="",keycodes!$C$2,IF($B$1="Japanese",IF(INDEX(keycodes!$E:$E,MATCH(G6,keycodes!$A:$A,0),0)<>"",INDEX(keycodes!$E:$E,MATCH(G6,keycodes!$A:$A,0),0),INDEX(keycodes!$C:$C,MATCH(G6,keycodes!$A:$A,0),0)),INDEX(keycodes!$C:$C,MATCH(G6,keycodes!$B:$B,0),0))) -> MO_R | H32: =IF(H6="",keycodes!$C$2,IF($B$1="Japanese",IF(INDEX(keycodes!$E:$E,MATCH(H6,keycodes!$A:$A,0),0)<>"",INDEX(keycodes!$E:$E,MATCH(H6,keycodes!$A:$A,0),0),INDEX(keycodes!$C:$C,MATCH(H6,keycodes!$A:$A,0),0)),INDEX(keycodes!$C:$C,MATCH(H6,keycodes!$B:$B,0),0))) -> LSFT_SPC | I32: =IF(I6="",keycodes!$C$2,IF($B$1="Japanese",IF(INDEX(keycodes!$E:$E,MATCH(I6,keycodes!$A:$A,0),0)<>"",INDEX(keycodes!$E:$E,MATCH(I6,keycodes!$A:$A,0),0),INDEX(keycodes!$C:$C,MATCH(I6,keycodes!$A:$A,0),0)),INDEX(keycodes!$C:$C,MATCH(I6,keycodes!$B:$B,0),0))) -> RSTF_ENT | ... O32: =IF(O6="",keycodes!$C$2,IF($B$1="Japanese",IF(INDEX(keycodes!$E:$E,MATCH(O6,keycodes!$A:$A,0),0)<>"",INDEX(keycodes!$E:$E,MATCH(O6,keycodes!$A:$A,0),0),INDEX(keycodes!$C:$C,MATCH(O6,keycodes!$A:$A,0),0)),INDEX(keycodes!$C:$C,MATCH(O6,keycodes!$B:$B,0),0))) -> TERM
A33: LOWER | B33: =IF(B7="",keycodes!$C$2,IF($B$1="Japanese",IF(INDEX(keycodes!$E:$E,MATCH(B7,keycodes!$A:$A,0),0)<>"",INDEX(keycodes!$E:$E,MATCH(B7,keycodes!$A:$A,0),0),INDEX(keycodes!$C:$C,MATCH(B7,keycodes!$A:$A,0),0)),INDEX(keycodes!$C:$C,MATCH(B7,keycodes!$B:$B,0),0))) -> KC_APP | C33: =IF(C7="",keycodes!$C$2,IF($B$1="Japanese",IF(INDEX(keycodes!$E:$E,MATCH(C7,keycodes!$A:$A,0),0)<>"",INDEX(keycodes!$E:$E,MATCH(C7,keycodes!$A:$A,0),0),INDEX(keycodes!$C:$C,MATCH(C7,keycodes!$A:$A,0),0)),INDEX(keycodes!$C:$C,MATCH(C7,keycodes!$B:$B,0),0))) -> S(KC_1) | D33: =IF(D7="",keycodes!$C$2,IF($B$1="Japanese",IF(INDEX(keycodes!$E:$E,MATCH(D7,keycodes!$A:$A,0),0)<>"",INDEX(keycodes!$E:$E,MATCH(D7,keycodes!$A:$A,0),0),INDEX(keycodes!$C:$C,MATCH(D7,keycodes!$A:$A,0),0)),INDEX(keycodes!$C:$C,MATCH(D7,keycodes!$B:$B,0),0))) -> S(KC_2) | E33: =IF(E7="",keycodes!$C$2,IF($B$1="Japanese",IF(INDEX(keycodes!$E:$E,MATCH(E7,keycodes!$A:$A,0),0)<>"",INDEX(keycodes!$E:$E,MATCH(E7,keycodes!$A:$A,0),0),INDEX(keycodes!$C:$C,MATCH(E7,keycodes!$A:$A,0),0)),INDEX(keycodes!$C:$C,MATCH(E7,keycodes!$B:$B,0),0))) -> S(KC_3) | F33: =IF(F7="",keycodes!$C$2,IF($B$1="Japanese",IF(INDEX(keycodes!$E:$E,MATCH(F7,keycodes!$A:$A,0),0)<>"",INDEX(keycodes!$E:$E,MATCH(F7,keycodes!$A:$A,0),0),INDEX(keycodes!$C:$C,MATCH(F7,keycodes!$A:$A,0),0)),INDEX(keycodes!$C:$C,MATCH(F7,keycodes!$B:$B,0),0))) -> S(KC_4) | G33: =IF(G7="",keycodes!$C$2,IF($B$1="Japanese",IF(INDEX(keycodes!$E:$E,MATCH(G7,keycodes!$A:$A,0),0)<>"",INDEX(keycodes!$E:$E,MATCH(G7,keycodes!$A:$A,0),0),INDEX(keycodes!$C:$C,MATCH(G7,keycodes!$A:$A,0),0)),INDEX(keycodes!$C:$C,MATCH(G7,keycodes!$B:$B,0),0))) -> S(KC_5) | H33: =IF(H7="",keycodes!$C$2,IF($B$1="Japanese",IF(INDEX(keycodes!$E:$E,MATCH(H7,keycodes!$A:$A,0),0)<>"",INDEX(keycodes!$E:$E,MATCH(H7,keycodes!$A:$A,0),0),INDEX(keycodes!$C:$C,MATCH(H7,keycodes!$A:$A,0),0)),INDEX(keycodes!$C:$C,MATCH(H7,keycodes!$B:$B,0),0))) -> NONE | I33: =IF(I7="",keycodes!$C$2,IF($B$1="Japanese",IF(INDEX(keycodes!$E:$E,MATCH(I7,keycodes!$A:$A,0),0)<>"",INDEX(keycodes!$E:$E,MATCH(I7,keycodes!$A:$A,0),0),INDEX(keycodes!$C:$C,MATCH(I7,keycodes!$A:$A,0),0)),INDEX(keycodes!$C:$C,MATCH(I7,keycodes!$B:$B,0),0))) -> NONE | ... O33: =IF(O7="",keycodes!$C$2,IF($B$1="Japanese",IF(INDEX(keycodes!$E:$E,MATCH(O7,keycodes!$A:$A,0),0)<>"",INDEX(keycodes!$E:$E,MATCH(O7,keycodes!$A:$A,0),0),INDEX(keycodes!$C:$C,MATCH(O7,keycodes!$A:$A,0),0)),INDEX(keycodes!$C:$C,MATCH(O7,keycodes!$B:$B,0),0))) -> S(KC_LBRC)
B34: =IF(B8="",keycodes!$C$2,IF($B$1="Japanese",IF(INDEX(keycodes!$E:$E,MATCH(B8,keycodes!$A:$A,0),0)<>"",INDEX(keycodes!$E:$E,MATCH(B8,keycodes!$A:$A,0),0),INDEX(keycodes!$C:$C,MATCH(B8,keycodes!$A:$A,0),0)),INDEX(keycodes!$C:$C,MATCH(B8,keycodes!$B:$B,0),0))) -> KC_LGUI | C34: =IF(C8="",keycodes!$C$2,IF($B$1="Japanese",IF(INDEX(keycodes!$E:$E,MATCH(C8,keycodes!$A:$A,0),0)<>"",INDEX(keycodes!$E:$E,MATCH(C8,keycodes!$A:$A,0),0),INDEX(keycodes!$C:$C,MATCH(C8,keycodes!$A:$A,0),0)),INDEX(keycodes!$C:$C,MATCH(C8,keycodes!$B:$B,0),0))) -> XXXXXXX | D34: =IF(D8="",keycodes!$C$2,IF($B$1="Japanese",IF(INDEX(keycodes!$E:$E,MATCH(D8,keycodes!$A:$A,0),0)<>"",INDEX(keycodes!$E:$E,MATCH(D8,keycodes!$A:$A,0),0),INDEX(keycodes!$C:$C,MATCH(D8,keycodes!$A:$A,0),0)),INDEX(keycodes!$C:$C,MATCH(D8,keycodes!$B:$B,0),0))) -> KC_HOME | E34: =IF(E8="",keycodes!$C$2,IF($B$1="Japanese",IF(INDEX(keycodes!$E:$E,MATCH(E8,keycodes!$A:$A,0),0)<>"",INDEX(keycodes!$E:$E,MATCH(E8,keycodes!$A:$A,0),0),INDEX(keycodes!$C:$C,MATCH(E8,keycodes!$A:$A,0),0)),INDEX(keycodes!$C:$C,MATCH(E8,keycodes!$B:$B,0),0))) -> KC_PGUP | F34: =IF(F8="",keycodes!$C$2,IF($B$1="Japanese",IF(INDEX(keycodes!$E:$E,MATCH(F8,keycodes!$A:$A,0),0)<>"",INDEX(keycodes!$E:$E,MATCH(F8,keycodes!$A:$A,0),0),INDEX(keycodes!$C:$C,MATCH(F8,keycodes!$A:$A,0),0)),INDEX(keycodes!$C:$C,MATCH(F8,keycodes!$B:$B,0),0))) -> KC_PGDN | G34: =IF(G8="",keycodes!$C$2,IF($B$1="Japanese",IF(INDEX(keycodes!$E:$E,MATCH(G8,keycodes!$A:$A,0),0)<>"",INDEX(keycodes!$E:$E,MATCH(G8,keycodes!$A:$A,0),0),INDEX(keycodes!$C:$C,MATCH(G8,keycodes!$A:$A,0),0)),INDEX(keycodes!$C:$C,MATCH(G8,keycodes!$B:$B,0),0))) -> KC_END | H34: =IF(H8="",keycodes!$C$2,IF($B$1="Japanese",IF(INDEX(keycodes!$E:$E,MATCH(H8,keycodes!$A:$A,0),0)<>"",INDEX(keycodes!$E:$E,MATCH(H8,keycodes!$A:$A,0),0),INDEX(keycodes!$C:$C,MATCH(H8,keycodes!$A:$A,0),0)),INDEX(keycodes!$C:$C,MATCH(H8,keycodes!$B:$B,0),0))) -> NONE | I34: =IF(I8="",keycodes!$C$2,IF($B$1="Japanese",IF(INDEX(keycodes!$E:$E,MATCH(I8,keycodes!$A:$A,0),0)<>"",INDEX(keycodes!$E:$E,MATCH(I8,keycodes!$A:$A,0),0),INDEX(keycodes!$C:$C,MATCH(I8,keycodes!$A:$A,0),0)),INDEX(keycodes!$C:$C,MATCH(I8,keycodes!$B:$B,0),0))) -> NONE | ... O34: =IF(O8="",keycodes!$C$2,IF($B$1="Japanese",IF(INDEX(keycodes!$E:$E,MATCH(O8,keycodes!$A:$A,0),0)<>"",INDEX(keycodes!$E:$E,MATCH(O8,keycodes!$A:$A,0),0),INDEX(keycodes!$C:$C,MATCH(O8,keycodes!$A:$A,0),0)),INDEX(keycodes!$C:$C,MATCH(O8,keycodes!$B:$B,0),0))) -> KC_MINS
B35: =IF(B9="",keycodes!$C$2,IF($B$1="Japanese",IF(INDEX(keycodes!$E:$E,MATCH(B9,keycodes!$A:$A,0),0)<>"",INDEX(keycodes!$E:$E,MATCH(B9,keycodes!$A:$A,0),0),INDEX(keycodes!$C:$C,MATCH(B9,keycodes!$A:$A,0),0)),INDEX(keycodes!$C:$C,MATCH(B9,keycodes!$B:$B,0),0))) -> _______ | C35: =IF(C9="",keycodes!$C$2,IF($B$1="Japanese",IF(INDEX(keycodes!$E:$E,MATCH(C9,keycodes!$A:$A,0),0)<>"",INDEX(keycodes!$E:$E,MATCH(C9,keycodes!$A:$A,0),0),INDEX(keycodes!$C:$C,MATCH(C9,keycodes!$A:$A,0),0)),INDEX(keycodes!$C:$C,MATCH(C9,keycodes!$B:$B,0),0))) -> KC_LALT | D35: =IF(D9="",keycodes!$C$2,IF($B$1="Japanese",IF(INDEX(keycodes!$E:$E,MATCH(D9,keycodes!$A:$A,0),0)<>"",INDEX(keycodes!$E:$E,MATCH(D9,keycodes!$A:$A,0),0),INDEX(keycodes!$C:$C,MATCH(D9,keycodes!$A:$A,0),0)),INDEX(keycodes!$C:$C,MATCH(D9,keycodes!$B:$B,0),0))) -> XXXXXXX | E35: =IF(E9="",keycodes!$C$2,IF($B$1="Japanese",IF(INDEX(keycodes!$E:$E,MATCH(E9,keycodes!$A:$A,0),0)<>"",INDEX(keycodes!$E:$E,MATCH(E9,keycodes!$A:$A,0),0),INDEX(keycodes!$C:$C,MATCH(E9,keycodes!$A:$A,0),0)),INDEX(keycodes!$C:$C,MATCH(E9,keycodes!$B:$B,0),0))) -> XXXXXXX | F35: =IF(F9="",keycodes!$C$2,IF($B$1="Japanese",IF(INDEX(keycodes!$E:$E,MATCH(F9,keycodes!$A:$A,0),0)<>"",INDEX(keycodes!$E:$E,MATCH(F9,keycodes!$A:$A,0),0),INDEX(keycodes!$C:$C,MATCH(F9,keycodes!$A:$A,0),0)),INDEX(keycodes!$C:$C,MATCH(F9,keycodes!$B:$B,0),0))) -> KC_INT5 | G35: =IF(G9="",keycodes!$C$2,IF($B$1="Japanese",IF(INDEX(keycodes!$E:$E,MATCH(G9,keycodes!$A:$A,0),0)<>"",INDEX(keycodes!$E:$E,MATCH(G9,keycodes!$A:$A,0),0),INDEX(keycodes!$C:$C,MATCH(G9,keycodes!$A:$A,0),0)),INDEX(keycodes!$C:$C,MATCH(G9,keycodes!$B:$B,0),0))) -> KC_BSPC | H35: =IF(H9="",keycodes!$C$2,IF($B$1="Japanese",IF(INDEX(keycodes!$E:$E,MATCH(H9,keycodes!$A:$A,0),0)<>"",INDEX(keycodes!$E:$E,MATCH(H9,keycodes!$A:$A,0),0),INDEX(keycodes!$C:$C,MATCH(H9,keycodes!$A:$A,0),0)),INDEX(keycodes!$C:$C,MATCH(H9,keycodes!$B:$B,0),0))) -> NONE | I35: =IF(I9="",keycodes!$C$2,IF($B$1="Japanese",IF(INDEX(keycodes!$E:$E,MATCH(I9,keycodes!$A:$A,0),0)<>"",INDEX(keycodes!$E:$E,MATCH(I9,keycodes!$A:$A,0),0),INDEX(keycodes!$C:$C,MATCH(I9,keycodes!$A:$A,0),0)),INDEX(keycodes!$C:$C,MATCH(I9,keycodes!$B:$B,0),0))) -> NONE | ... O35: =IF(O9="",keycodes!$C$2,IF($B$1="Japanese",IF(INDEX(keycodes!$E:$E,MATCH(O9,keycodes!$A:$A,0),0)<>"",INDEX(keycodes!$E:$E,MATCH(O9,keycodes!$A:$A,0),0),INDEX(keycodes!$C:$C,MATCH(O9,keycodes!$A:$A,0),0)),INDEX(keycodes!$C:$C,MATCH(O9,keycodes!$B:$B,0),0))) -> S(KC_INT3)
B36: =IF(B10="",keycodes!$C$2,IF($B$1="Japanese",IF(INDEX(keycodes!$E:$E,MATCH(B10,keycodes!$A:$A,0),0)<>"",INDEX(keycodes!$E:$E,MATCH(B10,keycodes!$A:$A,0),0),INDEX(keycodes!$C:$C,MATCH(B10,keycodes!$A:$A,0),0)),INDEX(keycodes!$C:$C,MATCH(B10,keycodes!$B:$B,0),0))) -> NONE | C36: =IF(C10="",keycodes!$C$2,IF($B$1="Japanese",IF(INDEX(keycodes!$E:$E,MATCH(C10,keycodes!$A:$A,0),0)<>"",INDEX(keycodes!$E:$E,MATCH(C10,keycodes!$A:$A,0),0),INDEX(keycodes!$C:$C,MATCH(C10,keycodes!$A:$A,0),0)),INDEX(keycodes!$C:$C,MATCH(C10,keycodes!$B:$B,0),0))) -> NONE | D36: =IF(D10="",keycodes!$C$2,IF($B$1="Japanese",IF(INDEX(keycodes!$E:$E,MATCH(D10,keycodes!$A:$A,0),0)<>"",INDEX(keycodes!$E:$E,MATCH(D10,keycodes!$A:$A,0),0),INDEX(keycodes!$C:$C,MATCH(D10,keycodes!$A:$A,0),0)),INDEX(keycodes!$C:$C,MATCH(D10,keycodes!$B:$B,0),0))) -> NONE | E36: =IF(E10="",keycodes!$C$2,IF($B$1="Japanese",IF(INDEX(keycodes!$E:$E,MATCH(E10,keycodes!$A:$A,0),0)<>"",INDEX(keycodes!$E:$E,MATCH(E10,keycodes!$A:$A,0),0),INDEX(keycodes!$C:$C,MATCH(E10,keycodes!$A:$A,0),0)),INDEX(keycodes!$C:$C,MATCH(E10,keycodes!$B:$B,0),0))) -> NONE | F36: =IF(F10="",keycodes!$C$2,IF($B$1="Japanese",IF(INDEX(keycodes!$E:$E,MATCH(F10,keycodes!$A:$A,0),0)<>"",INDEX(keycodes!$E:$E,MATCH(F10,keycodes!$A:$A,0),0),INDEX(keycodes!$C:$C,MATCH(F10,keycodes!$A:$A,0),0)),INDEX(keycodes!$C:$C,MATCH(F10,keycodes!$B:$B,0),0))) -> _______ | G36: =IF(G10="",keycodes!$C$2,IF($B$1="Japanese",IF(INDEX(keycodes!$E:$E,MATCH(G10,keycodes!$A:$A,0),0)<>"",INDEX(keycodes!$E:$E,MATCH(G10,keycodes!$A:$A,0),0),INDEX(keycodes!$C:$C,MATCH(G10,keycodes!$A:$A,0),0)),INDEX(keycodes!$C:$C,MATCH(G10,keycodes!$B:$B,0),0))) -> _______ | H36: =IF(H10="",keycodes!$C$2,IF($B$1="Japanese",IF(INDEX(keycodes!$E:$E,MATCH(H10,keycodes!$A:$A,0),0)<>"",INDEX(keycodes!$E:$E,MATCH(H10,keycodes!$A:$A,0),0),INDEX(keycodes!$C:$C,MATCH(H10,keycodes!$A:$A,0),0)),INDEX(keycodes!$C:$C,MATCH(H10,keycodes!$B:$B,0),0))) -> _______ | I36: =IF(I10="",keycodes!$C$2,IF($B$1="Japanese",IF(INDEX(keycodes!$E:$E,MATCH(I10,keycodes!$A:$A,0),0)<>"",INDEX(keycodes!$E:$E,MATCH(I10,keycodes!$A:$A,0),0),INDEX(keycodes!$C:$C,MATCH(I10,keycodes!$A:$A,0),0)),INDEX(keycodes!$C:$C,MATCH(I10,keycodes!$B:$B,0),0))) -> _______ | ... O36: =IF(O10="",keycodes!$C$2,IF($B$1="Japanese",IF(INDEX(keycodes!$E:$E,MATCH(O10,keycodes!$A:$A,0),0)<>"",INDEX(keycodes!$E:$E,MATCH(O10,keycodes!$A:$A,0),0),INDEX(keycodes!$C:$C,MATCH(O10,keycodes!$A:$A,0),0)),INDEX(keycodes!$C:$C,MATCH(O10,keycodes!$B:$B,0),0))) -> TERM
A37: RAISE | B37: =IF(B11="",keycodes!$C$2,IF($B$1="Japanese",IF(INDEX(keycodes!$E:$E,MATCH(B11,keycodes!$A:$A,0),0)<>"",INDEX(keycodes!$E:$E,MATCH(B11,keycodes!$A:$A,0),0),INDEX(keycodes!$C:$C,MATCH(B11,keycodes!$A:$A,0),0)),INDEX(keycodes!$C:$C,MATCH(B11,keycodes!$B:$B,0),0))) -> KC_F1 | C37: =IF(C11="",keycodes!$C$2,IF($B$1="Japanese",IF(INDEX(keycodes!$E:$E,MATCH(C11,keycodes!$A:$A,0),0)<>"",INDEX(keycodes!$E:$E,MATCH(C11,keycodes!$A:$A,0),0),INDEX(keycodes!$C:$C,MATCH(C11,keycodes!$A:$A,0),0)),INDEX(keycodes!$C:$C,MATCH(C11,keycodes!$B:$B,0),0))) -> KC_F2 | D37: =IF(D11="",keycodes!$C$2,IF($B$1="Japanese",IF(INDEX(keycodes!$E:$E,MATCH(D11,keycodes!$A:$A,0),0)<>"",INDEX(keycodes!$E:$E,MATCH(D11,keycodes!$A:$A,0),0),INDEX(keycodes!$C:$C,MATCH(D11,keycodes!$A:$A,0),0)),INDEX(keycodes!$C:$C,MATCH(D11,keycodes!$B:$B,0),0))) -> KC_F3 | E37: =IF(E11="",keycodes!$C$2,IF($B$1="Japanese",IF(INDEX(keycodes!$E:$E,MATCH(E11,keycodes!$A:$A,0),0)<>"",INDEX(keycodes!$E:$E,MATCH(E11,keycodes!$A:$A,0),0),INDEX(keycodes!$C:$C,MATCH(E11,keycodes!$A:$A,0),0)),INDEX(keycodes!$C:$C,MATCH(E11,keycodes!$B:$B,0),0))) -> KC_F4 | F37: =IF(F11="",keycodes!$C$2,IF($B$1="Japanese",IF(INDEX(keycodes!$E:$E,MATCH(F11,keycodes!$A:$A,0),0)<>"",INDEX(keycodes!$E:$E,MATCH(F11,keycodes!$A:$A,0),0),INDEX(keycodes!$C:$C,MATCH(F11,keycodes!$A:$A,0),0)),INDEX(keycodes!$C:$C,MATCH(F11,keycodes!$B:$B,0),0))) -> KC_F5 | G37: =IF(G11="",keycodes!$C$2,IF($B$1="Japanese",IF(INDEX(keycodes!$E:$E,MATCH(G11,keycodes!$A:$A,0),0)<>"",INDEX(keycodes!$E:$E,MATCH(G11,keycodes!$A:$A,0),0),INDEX(keycodes!$C:$C,MATCH(G11,keycodes!$A:$A,0),0)),INDEX(keycodes!$C:$C,MATCH(G11,keycodes!$B:$B,0),0))) -> KC_F6 | H37: =IF(H11="",keycodes!$C$2,IF($B$1="Japanese",IF(INDEX(keycodes!$E:$E,MATCH(H11,keycodes!$A:$A,0),0)<>"",INDEX(keycodes!$E:$E,MATCH(H11,keycodes!$A:$A,0),0),INDEX(keycodes!$C:$C,MATCH(H11,keycodes!$A:$A,0),0)),INDEX(keycodes!$C:$C,MATCH(H11,keycodes!$B:$B,0),0))) -> NONE | I37: =IF(I11="",keycodes!$C$2,IF($B$1="Japanese",IF(INDEX(keycodes!$E:$E,MATCH(I11,keycodes!$A:$A,0),0)<>"",INDEX(keycodes!$E:$E,MATCH(I11,keycodes!$A:$A,0),0),INDEX(keycodes!$C:$C,MATCH(I11,keycodes!$A:$A,0),0)),INDEX(keycodes!$C:$C,MATCH(I11,keycodes!$B:$B,0),0))) -> NONE | ... O37: =IF(O11="",keycodes!$C$2,IF($B$1="Japanese",IF(INDEX(keycodes!$E:$E,MATCH(O11,keycodes!$A:$A,0),0)<>"",INDEX(keycodes!$E:$E,MATCH(O11,keycodes!$A:$A,0),0),INDEX(keycodes!$C:$C,MATCH(O11,keycodes!$A:$A,0),0)),INDEX(keycodes!$C:$C,MATCH(O11,keycodes!$B:$B,0),0))) -> KC_F12
B38: =IF(B12="",keycodes!$C$2,IF($B$1="Japanese",IF(INDEX(keycodes!$E:$E,MATCH(B12,keycodes!$A:$A,0),0)<>"",INDEX(keycodes!$E:$E,MATCH(B12,keycodes!$A:$A,0),0),INDEX(keycodes!$C:$C,MATCH(B12,keycodes!$A:$A,0),0)),INDEX(keycodes!$C:$C,MATCH(B12,keycodes!$B:$B,0),0))) -> KC_GRV | C38: =IF(C12="",keycodes!$C$2,IF($B$1="Japanese",IF(INDEX(keycodes!$E:$E,MATCH(C12,keycodes!$A:$A,0),0)<>"",INDEX(keycodes!$E:$E,MATCH(C12,keycodes!$A:$A,0),0),INDEX(keycodes!$C:$C,MATCH(C12,keycodes!$A:$A,0),0)),INDEX(keycodes!$C:$C,MATCH(C12,keycodes!$B:$B,0),0))) -> KC_1 | D38: =IF(D12="",keycodes!$C$2,IF($B$1="Japanese",IF(INDEX(keycodes!$E:$E,MATCH(D12,keycodes!$A:$A,0),0)<>"",INDEX(keycodes!$E:$E,MATCH(D12,keycodes!$A:$A,0),0),INDEX(keycodes!$C:$C,MATCH(D12,keycodes!$A:$A,0),0)),INDEX(keycodes!$C:$C,MATCH(D12,keycodes!$B:$B,0),0))) -> KC_2 | E38: =IF(E12="",keycodes!$C$2,IF($B$1="Japanese",IF(INDEX(keycodes!$E:$E,MATCH(E12,keycodes!$A:$A,0),0)<>"",INDEX(keycodes!$E:$E,MATCH(E12,keycodes!$A:$A,0),0),INDEX(keycodes!$C:$C,MATCH(E12,keycodes!$A:$A,0),0)),INDEX(keycodes!$C:$C,MATCH(E12,keycodes!$B:$B,0),0))) -> KC_3 | F38: =IF(F12="",keycodes!$C$2,IF($B$1="Japanese",IF(INDEX(keycodes!$E:$E,MATCH(F12,keycodes!$A:$A,0),0)<>"",INDEX(keycodes!$E:$E,MATCH(F12,keycodes!$A:$A,0),0),INDEX(keycodes!$C:$C,MATCH(F12,keycodes!$A:$A,0),0)),INDEX(keycodes!$C:$C,MATCH(F12,keycodes!$B:$B,0),0))) -> KC_4 | G38: =IF(G12="",keycodes!$C$2,IF($B$1="Japanese",IF(INDEX(keycodes!$E:$E,MATCH(G12,keycodes!$A:$A,0),0)<>"",INDEX(keycodes!$E:$E,MATCH(G12,keycodes!$A:$A,0),0),INDEX(keycodes!$C:$C,MATCH(G12,keycodes!$A:$A,0),0)),INDEX(keycodes!$C:$C,MATCH(G12,keycodes!$B:$B,0),0))) -> KC_5 | H38: =IF(H12="",keycodes!$C$2,IF($B$1="Japanese",IF(INDEX(keycodes!$E:$E,MATCH(H12,keycodes!$A:$A,0),0)<>"",INDEX(keycodes!$E:$E,MATCH(H12,keycodes!$A:$A,0),0),INDEX(keycodes!$C:$C,MATCH(H12,keycodes!$A:$A,0),0)),INDEX(keycodes!$C:$C,MATCH(H12,keycodes!$B:$B,0),0))) -> NONE | I38: =IF(I12="",keycodes!$C$2,IF($B$1="Japanese",IF(INDEX(keycodes!$E:$E,MATCH(I12,keycodes!$A:$A,0),0)<>"",INDEX(keycodes!$E:$E,MATCH(I12,keycodes!$A:$A,0),0),INDEX(keycodes!$C:$C,MATCH(I12,keycodes!$A:$A,0),0)),INDEX(keycodes!$C:$C,MATCH(I12,keycodes!$B:$B,0),0))) -> NONE | ... O38: =IF(O12="",keycodes!$C$2,IF($B$1="Japanese",IF(INDEX(keycodes!$E:$E,MATCH(O12,keycodes!$A:$A,0),0)<>"",INDEX(keycodes!$E:$E,MATCH(O12,keycodes!$A:$A,0),0),INDEX(keycodes!$C:$C,MATCH(O12,keycodes!$A:$A,0),0)),INDEX(keycodes!$C:$C,MATCH(O12,keycodes!$B:$B,0),0))) -> _______
B39: =IF(B13="",keycodes!$C$2,IF($B$1="Japanese",IF(INDEX(keycodes!$E:$E,MATCH(B13,keycodes!$A:$A,0),0)<>"",INDEX(keycodes!$E:$E,MATCH(B13,keycodes!$A:$A,0),0),INDEX(keycodes!$C:$C,MATCH(B13,keycodes!$A:$A,0),0)),INDEX(keycodes!$C:$C,MATCH(B13,keycodes!$B:$B,0),0))) -> _______ | C39: =IF(C13="",keycodes!$C$2,IF($B$1="Japanese",IF(INDEX(keycodes!$E:$E,MATCH(C13,keycodes!$A:$A,0),0)<>"",INDEX(keycodes!$E:$E,MATCH(C13,keycodes!$A:$A,0),0),INDEX(keycodes!$C:$C,MATCH(C13,keycodes!$A:$A,0),0)),INDEX(keycodes!$C:$C,MATCH(C13,keycodes!$B:$B,0),0))) -> _______ | D39: =IF(D13="",keycodes!$C$2,IF($B$1="Japanese",IF(INDEX(keycodes!$E:$E,MATCH(D13,keycodes!$A:$A,0),0)<>"",INDEX(keycodes!$E:$E,MATCH(D13,keycodes!$A:$A,0),0),INDEX(keycodes!$C:$C,MATCH(D13,keycodes!$A:$A,0),0)),INDEX(keycodes!$C:$C,MATCH(D13,keycodes!$B:$B,0),0))) -> MS_WHLL | E39: =IF(E13="",keycodes!$C$2,IF($B$1="Japanese",IF(INDEX(keycodes!$E:$E,MATCH(E13,keycodes!$A:$A,0),0)<>"",INDEX(keycodes!$E:$E,MATCH(E13,keycodes!$A:$A,0),0),INDEX(keycodes!$C:$C,MATCH(E13,keycodes!$A:$A,0),0)),INDEX(keycodes!$C:$C,MATCH(E13,keycodes!$B:$B,0),0))) -> MS_WHLR | F39: =IF(F13="",keycodes!$C$2,IF($B$1="Japanese",IF(INDEX(keycodes!$E:$E,MATCH(F13,keycodes!$A:$A,0),0)<>"",INDEX(keycodes!$E:$E,MATCH(F13,keycodes!$A:$A,0),0),INDEX(keycodes!$C:$C,MATCH(F13,keycodes!$A:$A,0),0)),INDEX(keycodes!$C:$C,MATCH(F13,keycodes!$B:$B,0),0))) -> _______ | G39: =IF(G13="",keycodes!$C$2,IF($B$1="Japanese",IF(INDEX(keycodes!$E:$E,MATCH(G13,keycodes!$A:$A,0),0)<>"",INDEX(keycodes!$E:$E,MATCH(G13,keycodes!$A:$A,0),0),INDEX(keycodes!$C:$C,MATCH(G13,keycodes!$A:$A,0),0)),INDEX(keycodes!$C:$C,MATCH(G13,keycodes!$B:$B,0),0))) -> _______ | H39: =IF(H13="",keycodes!$C$2,IF($B$1="Japanese",IF(INDEX(keycodes!$E:$E,MATCH(H13,keycodes!$A:$A,0),0)<>"",INDEX(keycodes!$E:$E,MATCH(H13,keycodes!$A:$A,0),0),INDEX(keycodes!$C:$C,MATCH(H13,keycodes!$A:$A,0),0)),INDEX(keycodes!$C:$C,MATCH(H13,keycodes!$B:$B,0),0))) -> NONE | I39: =IF(I13="",keycodes!$C$2,IF($B$1="Japanese",IF(INDEX(keycodes!$E:$E,MATCH(I13,keycodes!$A:$A,0),0)<>"",INDEX(keycodes!$E:$E,MATCH(I13,keycodes!$A:$A,0),0),INDEX(keycodes!$C:$C,MATCH(I13,keycodes!$A:$A,0),0)),INDEX(keycodes!$C:$C,MATCH(I13,keycodes!$B:$B,0),0))) -> NONE | ... O39: =IF(O13="",keycodes!$C$2,IF($B$1="Japanese",IF(INDEX(keycodes!$E:$E,MATCH(O13,keycodes!$A:$A,0),0)<>"",INDEX(keycodes!$E:$E,MATCH(O13,keycodes!$A:$A,0),0),INDEX(keycodes!$C:$C,MATCH(O13,keycodes!$A:$A,0),0)),INDEX(keycodes!$C:$C,MATCH(O13,keycodes!$B:$B,0),0))) -> KC_INT1
B40: =IF(B14="",keycodes!$C$2,IF($B$1="Japanese",IF(INDEX(keycodes!$E:$E,MATCH(B14,keycodes!$A:$A,0),0)<>"",INDEX(keycodes!$E:$E,MATCH(B14,keycodes!$A:$A,0),0),INDEX(keycodes!$C:$C,MATCH(B14,keycodes!$A:$A,0),0)),INDEX(keycodes!$C:$C,MATCH(B14,keycodes!$B:$B,0),0))) -> NONE | C40: =IF(C14="",keycodes!$C$2,IF($B$1="Japanese",IF(INDEX(keycodes!$E:$E,MATCH(C14,keycodes!$A:$A,0),0)<>"",INDEX(keycodes!$E:$E,MATCH(C14,keycodes!$A:$A,0),0),INDEX(keycodes!$C:$C,MATCH(C14,keycodes!$A:$A,0),0)),INDEX(keycodes!$C:$C,MATCH(C14,keycodes!$B:$B,0),0))) -> NONE | D40: =IF(D14="",keycodes!$C$2,IF($B$1="Japanese",IF(INDEX(keycodes!$E:$E,MATCH(D14,keycodes!$A:$A,0),0)<>"",INDEX(keycodes!$E:$E,MATCH(D14,keycodes!$A:$A,0),0),INDEX(keycodes!$C:$C,MATCH(D14,keycodes!$A:$A,0),0)),INDEX(keycodes!$C:$C,MATCH(D14,keycodes!$B:$B,0),0))) -> NONE | E40: =IF(E14="",keycodes!$C$2,IF($B$1="Japanese",IF(INDEX(keycodes!$E:$E,MATCH(E14,keycodes!$A:$A,0),0)<>"",INDEX(keycodes!$E:$E,MATCH(E14,keycodes!$A:$A,0),0),INDEX(keycodes!$C:$C,MATCH(E14,keycodes!$A:$A,0),0)),INDEX(keycodes!$C:$C,MATCH(E14,keycodes!$B:$B,0),0))) -> NONE | F40: =IF(F14="",keycodes!$C$2,IF($B$1="Japanese",IF(INDEX(keycodes!$E:$E,MATCH(F14,keycodes!$A:$A,0),0)<>"",INDEX(keycodes!$E:$E,MATCH(F14,keycodes!$A:$A,0),0),INDEX(keycodes!$C:$C,MATCH(F14,keycodes!$A:$A,0),0)),INDEX(keycodes!$C:$C,MATCH(F14,keycodes!$B:$B,0),0))) -> _______ | G40: =IF(G14="",keycodes!$C$2,IF($B$1="Japanese",IF(INDEX(keycodes!$E:$E,MATCH(G14,keycodes!$A:$A,0),0)<>"",INDEX(keycodes!$E:$E,MATCH(G14,keycodes!$A:$A,0),0),INDEX(keycodes!$C:$C,MATCH(G14,keycodes!$A:$A,0),0)),INDEX(keycodes!$C:$C,MATCH(G14,keycodes!$B:$B,0),0))) -> _______ | H40: =IF(H14="",keycodes!$C$2,IF($B$1="Japanese",IF(INDEX(keycodes!$E:$E,MATCH(H14,keycodes!$A:$A,0),0)<>"",INDEX(keycodes!$E:$E,MATCH(H14,keycodes!$A:$A,0),0),INDEX(keycodes!$C:$C,MATCH(H14,keycodes!$A:$A,0),0)),INDEX(keycodes!$C:$C,MATCH(H14,keycodes!$B:$B,0),0))) -> _______ | I40: =IF(I14="",keycodes!$C$2,IF($B$1="Japanese",IF(INDEX(keycodes!$E:$E,MATCH(I14,keycodes!$A:$A,0),0)<>"",INDEX(keycodes!$E:$E,MATCH(I14,keycodes!$A:$A,0),0),INDEX(keycodes!$C:$C,MATCH(I14,keycodes!$A:$A,0),0)),INDEX(keycodes!$C:$C,MATCH(I14,keycodes!$B:$B,0),0))) -> _______ | ... O40: =IF(O14="",keycodes!$C$2,IF($B$1="Japanese",IF(INDEX(keycodes!$E:$E,MATCH(O14,keycodes!$A:$A,0),0)<>"",INDEX(keycodes!$E:$E,MATCH(O14,keycodes!$A:$A,0),0),INDEX(keycodes!$C:$C,MATCH(O14,keycodes!$A:$A,0),0)),INDEX(keycodes!$C:$C,MATCH(O14,keycodes!$B:$B,0),0))) -> TERM
A41: ADJUST | B41: =IF(B15="",keycodes!$C$2,IF($B$1="Japanese",IF(INDEX(keycodes!$E:$E,MATCH(B15,keycodes!$A:$A,0),0)<>"",INDEX(keycodes!$E:$E,MATCH(B15,keycodes!$A:$A,0),0),INDEX(keycodes!$C:$C,MATCH(B15,keycodes!$A:$A,0),0)),INDEX(keycodes!$C:$C,MATCH(B15,keycodes!$B:$B,0),0))) -> KC_ESC | C41: =IF(C15="",keycodes!$C$2,IF($B$1="Japanese",IF(INDEX(keycodes!$E:$E,MATCH(C15,keycodes!$A:$A,0),0)<>"",INDEX(keycodes!$E:$E,MATCH(C15,keycodes!$A:$A,0),0),INDEX(keycodes!$C:$C,MATCH(C15,keycodes!$A:$A,0),0)),INDEX(keycodes!$C:$C,MATCH(C15,keycodes!$B:$B,0),0))) -> KC_Q | D41: =IF(D15="",keycodes!$C$2,IF($B$1="Japanese",IF(INDEX(keycodes!$E:$E,MATCH(D15,keycodes!$A:$A,0),0)<>"",INDEX(keycodes!$E:$E,MATCH(D15,keycodes!$A:$A,0),0),INDEX(keycodes!$C:$C,MATCH(D15,keycodes!$A:$A,0),0)),INDEX(keycodes!$C:$C,MATCH(D15,keycodes!$B:$B,0),0))) -> KC_W | E41: =IF(E15="",keycodes!$C$2,IF($B$1="Japanese",IF(INDEX(keycodes!$E:$E,MATCH(E15,keycodes!$A:$A,0),0)<>"",INDEX(keycodes!$E:$E,MATCH(E15,keycodes!$A:$A,0),0),INDEX(keycodes!$C:$C,MATCH(E15,keycodes!$A:$A,0),0)),INDEX(keycodes!$C:$C,MATCH(E15,keycodes!$B:$B,0),0))) -> KC_E | F41: =IF(F15="",keycodes!$C$2,IF($B$1="Japanese",IF(INDEX(keycodes!$E:$E,MATCH(F15,keycodes!$A:$A,0),0)<>"",INDEX(keycodes!$E:$E,MATCH(F15,keycodes!$A:$A,0),0),INDEX(keycodes!$C:$C,MATCH(F15,keycodes!$A:$A,0),0)),INDEX(keycodes!$C:$C,MATCH(F15,keycodes!$B:$B,0),0))) -> KC_R | G41: =IF(G15="",keycodes!$C$2,IF($B$1="Japanese",IF(INDEX(keycodes!$E:$E,MATCH(G15,keycodes!$A:$A,0),0)<>"",INDEX(keycodes!$E:$E,MATCH(G15,keycodes!$A:$A,0),0),INDEX(keycodes!$C:$C,MATCH(G15,keycodes!$A:$A,0),0)),INDEX(keycodes!$C:$C,MATCH(G15,keycodes!$B:$B,0),0))) -> KC_T | H41: =IF(H15="",keycodes!$C$2,IF($B$1="Japanese",IF(INDEX(keycodes!$E:$E,MATCH(H15,keycodes!$A:$A,0),0)<>"",INDEX(keycodes!$E:$E,MATCH(H15,keycodes!$A:$A,0),0),INDEX(keycodes!$C:$C,MATCH(H15,keycodes!$A:$A,0),0)),INDEX(keycodes!$C:$C,MATCH(H15,keycodes!$B:$B,0),0))) -> NONE | I41: =IF(I15="",keycodes!$C$2,IF($B$1="Japanese",IF(INDEX(keycodes!$E:$E,MATCH(I15,keycodes!$A:$A,0),0)<>"",INDEX(keycodes!$E:$E,MATCH(I15,keycodes!$A:$A,0),0),INDEX(keycodes!$C:$C,MATCH(I15,keycodes!$A:$A,0),0)),INDEX(keycodes!$C:$C,MATCH(I15,keycodes!$B:$B,0),0))) -> NONE | ... O41: =IF(O15="",keycodes!$C$2,IF($B$1="Japanese",IF(INDEX(keycodes!$E:$E,MATCH(O15,keycodes!$A:$A,0),0)<>"",INDEX(keycodes!$E:$E,MATCH(O15,keycodes!$A:$A,0),0),INDEX(keycodes!$C:$C,MATCH(O15,keycodes!$A:$A,0),0)),INDEX(keycodes!$C:$C,MATCH(O15,keycodes!$B:$B,0),0))) -> KC_LBRC
B42: =IF(B16="",keycodes!$C$2,IF($B$1="Japanese",IF(INDEX(keycodes!$E:$E,MATCH(B16,keycodes!$A:$A,0),0)<>"",INDEX(keycodes!$E:$E,MATCH(B16,keycodes!$A:$A,0),0),INDEX(keycodes!$C:$C,MATCH(B16,keycodes!$A:$A,0),0)),INDEX(keycodes!$C:$C,MATCH(B16,keycodes!$B:$B,0),0))) -> KC_TAB | C42: =IF(C16="",keycodes!$C$2,IF($B$1="Japanese",IF(INDEX(keycodes!$E:$E,MATCH(C16,keycodes!$A:$A,0),0)<>"",INDEX(keycodes!$E:$E,MATCH(C16,keycodes!$A:$A,0),0),INDEX(keycodes!$C:$C,MATCH(C16,keycodes!$A:$A,0),0)),INDEX(keycodes!$C:$C,MATCH(C16,keycodes!$B:$B,0),0))) -> KC_A | D42: =IF(D16="",keycodes!$C$2,IF($B$1="Japanese",IF(INDEX(keycodes!$E:$E,MATCH(D16,keycodes!$A:$A,0),0)<>"",INDEX(keycodes!$E:$E,MATCH(D16,keycodes!$A:$A,0),0),INDEX(keycodes!$C:$C,MATCH(D16,keycodes!$A:$A,0),0)),INDEX(keycodes!$C:$C,MATCH(D16,keycodes!$B:$B,0),0))) -> KC_S | E42: =IF(E16="",keycodes!$C$2,IF($B$1="Japanese",IF(INDEX(keycodes!$E:$E,MATCH(E16,keycodes!$A:$A,0),0)<>"",INDEX(keycodes!$E:$E,MATCH(E16,keycodes!$A:$A,0),0),INDEX(keycodes!$C:$C,MATCH(E16,keycodes!$A:$A,0),0)),INDEX(keycodes!$C:$C,MATCH(E16,keycodes!$B:$B,0),0))) -> KC_D | F42: =IF(F16="",keycodes!$C$2,IF($B$1="Japanese",IF(INDEX(keycodes!$E:$E,MATCH(F16,keycodes!$A:$A,0),0)<>"",INDEX(keycodes!$E:$E,MATCH(F16,keycodes!$A:$A,0),0),INDEX(keycodes!$C:$C,MATCH(F16,keycodes!$A:$A,0),0)),INDEX(keycodes!$C:$C,MATCH(F16,keycodes!$B:$B,0),0))) -> KC_F | G42: =IF(G16="",keycodes!$C$2,IF($B$1="Japanese",IF(INDEX(keycodes!$E:$E,MATCH(G16,keycodes!$A:$A,0),0)<>"",INDEX(keycodes!$E:$E,MATCH(G16,keycodes!$A:$A,0),0),INDEX(keycodes!$C:$C,MATCH(G16,keycodes!$A:$A,0),0)),INDEX(keycodes!$C:$C,MATCH(G16,keycodes!$B:$B,0),0))) -> KC_G | H42: =IF(H16="",keycodes!$C$2,IF($B$1="Japanese",IF(INDEX(keycodes!$E:$E,MATCH(H16,keycodes!$A:$A,0),0)<>"",INDEX(keycodes!$E:$E,MATCH(H16,keycodes!$A:$A,0),0),INDEX(keycodes!$C:$C,MATCH(H16,keycodes!$A:$A,0),0)),INDEX(keycodes!$C:$C,MATCH(H16,keycodes!$B:$B,0),0))) -> NONE | I42: =IF(I16="",keycodes!$C$2,IF($B$1="Japanese",IF(INDEX(keycodes!$E:$E,MATCH(I16,keycodes!$A:$A,0),0)<>"",INDEX(keycodes!$E:$E,MATCH(I16,keycodes!$A:$A,0),0),INDEX(keycodes!$C:$C,MATCH(I16,keycodes!$A:$A,0),0)),INDEX(keycodes!$C:$C,MATCH(I16,keycodes!$B:$B,0),0))) -> NONE | ... O42: =IF(O16="",keycodes!$C$2,IF($B$1="Japanese",IF(INDEX(keycodes!$E:$E,MATCH(O16,keycodes!$A:$A,0),0)<>"",INDEX(keycodes!$E:$E,MATCH(O16,keycodes!$A:$A,0),0),INDEX(keycodes!$C:$C,MATCH(O16,keycodes!$A:$A,0),0)),INDEX(keycodes!$C:$C,MATCH(O16,keycodes!$B:$B,0),0))) -> KC_QUOT
B43: =IF(B17="",keycodes!$C$2,IF($B$1="Japanese",IF(INDEX(keycodes!$E:$E,MATCH(B17,keycodes!$A:$A,0),0)<>"",INDEX(keycodes!$E:$E,MATCH(B17,keycodes!$A:$A,0),0),INDEX(keycodes!$C:$C,MATCH(B17,keycodes!$A:$A,0),0)),INDEX(keycodes!$C:$C,MATCH(B17,keycodes!$B:$B,0),0))) -> _______ | C43: =IF(C17="",keycodes!$C$2,IF($B$1="Japanese",IF(INDEX(keycodes!$E:$E,MATCH(C17,keycodes!$A:$A,0),0)<>"",INDEX(keycodes!$E:$E,MATCH(C17,keycodes!$A:$A,0),0),INDEX(keycodes!$C:$C,MATCH(C17,keycodes!$A:$A,0),0)),INDEX(keycodes!$C:$C,MATCH(C17,keycodes!$B:$B,0),0))) -> KC_Z | D43: =IF(D17="",keycodes!$C$2,IF($B$1="Japanese",IF(INDEX(keycodes!$E:$E,MATCH(D17,keycodes!$A:$A,0),0)<>"",INDEX(keycodes!$E:$E,MATCH(D17,keycodes!$A:$A,0),0),INDEX(keycodes!$C:$C,MATCH(D17,keycodes!$A:$A,0),0)),INDEX(keycodes!$C:$C,MATCH(D17,keycodes!$B:$B,0),0))) -> KC_X | E43: =IF(E17="",keycodes!$C$2,IF($B$1="Japanese",IF(INDEX(keycodes!$E:$E,MATCH(E17,keycodes!$A:$A,0),0)<>"",INDEX(keycodes!$E:$E,MATCH(E17,keycodes!$A:$A,0),0),INDEX(keycodes!$C:$C,MATCH(E17,keycodes!$A:$A,0),0)),INDEX(keycodes!$C:$C,MATCH(E17,keycodes!$B:$B,0),0))) -> KC_C | F43: =IF(F17="",keycodes!$C$2,IF($B$1="Japanese",IF(INDEX(keycodes!$E:$E,MATCH(F17,keycodes!$A:$A,0),0)<>"",INDEX(keycodes!$E:$E,MATCH(F17,keycodes!$A:$A,0),0),INDEX(keycodes!$C:$C,MATCH(F17,keycodes!$A:$A,0),0)),INDEX(keycodes!$C:$C,MATCH(F17,keycodes!$B:$B,0),0))) -> KC_V | G43: =IF(G17="",keycodes!$C$2,IF($B$1="Japanese",IF(INDEX(keycodes!$E:$E,MATCH(G17,keycodes!$A:$A,0),0)<>"",INDEX(keycodes!$E:$E,MATCH(G17,keycodes!$A:$A,0),0),INDEX(keycodes!$C:$C,MATCH(G17,keycodes!$A:$A,0),0)),INDEX(keycodes!$C:$C,MATCH(G17,keycodes!$B:$B,0),0))) -> KC_B | H43: =IF(H17="",keycodes!$C$2,IF($B$1="Japanese",IF(INDEX(keycodes!$E:$E,MATCH(H17,keycodes!$A:$A,0),0)<>"",INDEX(keycodes!$E:$E,MATCH(H17,keycodes!$A:$A,0),0),INDEX(keycodes!$C:$C,MATCH(H17,keycodes!$A:$A,0),0)),INDEX(keycodes!$C:$C,MATCH(H17,keycodes!$B:$B,0),0))) -> NONE | I43: =IF(I17="",keycodes!$C$2,IF($B$1="Japanese",IF(INDEX(keycodes!$E:$E,MATCH(I17,keycodes!$A:$A,0),0)<>"",INDEX(keycodes!$E:$E,MATCH(I17,keycodes!$A:$A,0),0),INDEX(keycodes!$C:$C,MATCH(I17,keycodes!$A:$A,0),0)),INDEX(keycodes!$C:$C,MATCH(I17,keycodes!$B:$B,0),0))) -> NONE | ... O43: =IF(O17="",keycodes!$C$2,IF($B$1="Japanese",IF(INDEX(keycodes!$E:$E,MATCH(O17,keycodes!$A:$A,0),0)<>"",INDEX(keycodes!$E:$E,MATCH(O17,keycodes!$A:$A,0),0),INDEX(keycodes!$C:$C,MATCH(O17,keycodes!$A:$A,0),0)),INDEX(keycodes!$C:$C,MATCH(O17,keycodes!$B:$B,0),0))) -> _______
B44: =IF(B18="",keycodes!$C$2,IF($B$1="Japanese",IF(INDEX(keycodes!$E:$E,MATCH(B18,keycodes!$A:$A,0),0)<>"",INDEX(keycodes!$E:$E,MATCH(B18,keycodes!$A:$A,0),0),INDEX(keycodes!$C:$C,MATCH(B18,keycodes!$A:$A,0),0)),INDEX(keycodes!$C:$C,MATCH(B18,keycodes!$B:$B,0),0))) -> NONE | C44: =IF(C18="",keycodes!$C$2,IF($B$1="Japanese",IF(INDEX(keycodes!$E:$E,MATCH(C18,keycodes!$A:$A,0),0)<>"",INDEX(keycodes!$E:$E,MATCH(C18,keycodes!$A:$A,0),0),INDEX(keycodes!$C:$C,MATCH(C18,keycodes!$A:$A,0),0)),INDEX(keycodes!$C:$C,MATCH(C18,keycodes!$B:$B,0),0))) -> NONE | D44: =IF(D18="",keycodes!$C$2,IF($B$1="Japanese",IF(INDEX(keycodes!$E:$E,MATCH(D18,keycodes!$A:$A,0),0)<>"",INDEX(keycodes!$E:$E,MATCH(D18,keycodes!$A:$A,0),0),INDEX(keycodes!$C:$C,MATCH(D18,keycodes!$A:$A,0),0)),INDEX(keycodes!$C:$C,MATCH(D18,keycodes!$B:$B,0),0))) -> NONE | E44: =IF(E18="",keycodes!$C$2,IF($B$1="Japanese",IF(INDEX(keycodes!$E:$E,MATCH(E18,keycodes!$A:$A,0),0)<>"",INDEX(keycodes!$E:$E,MATCH(E18,keycodes!$A:$A,0),0),INDEX(keycodes!$C:$C,MATCH(E18,keycodes!$A:$A,0),0)),INDEX(keycodes!$C:$C,MATCH(E18,keycodes!$B:$B,0),0))) -> NONE | F44: =IF(F18="",keycodes!$C$2,IF($B$1="Japanese",IF(INDEX(keycodes!$E:$E,MATCH(F18,keycodes!$A:$A,0),0)<>"",INDEX(keycodes!$E:$E,MATCH(F18,keycodes!$A:$A,0),0),INDEX(keycodes!$C:$C,MATCH(F18,keycodes!$A:$A,0),0)),INDEX(keycodes!$C:$C,MATCH(F18,keycodes!$B:$B,0),0))) -> TG_R | G44: =IF(G18="",keycodes!$C$2,IF($B$1="Japanese",IF(INDEX(keycodes!$E:$E,MATCH(G18,keycodes!$A:$A,0),0)<>"",INDEX(keycodes!$E:$E,MATCH(G18,keycodes!$A:$A,0),0),INDEX(keycodes!$C:$C,MATCH(G18,keycodes!$A:$A,0),0)),INDEX(keycodes!$C:$C,MATCH(G18,keycodes!$B:$B,0),0))) -> KC_SPC | H44: =IF(H18="",keycodes!$C$2,IF($B$1="Japanese",IF(INDEX(keycodes!$E:$E,MATCH(H18,keycodes!$A:$A,0),0)<>"",INDEX(keycodes!$E:$E,MATCH(H18,keycodes!$A:$A,0),0),INDEX(keycodes!$C:$C,MATCH(H18,keycodes!$A:$A,0),0)),INDEX(keycodes!$C:$C,MATCH(H18,keycodes!$B:$B,0),0))) -> MO_RA | I44: =IF(I18="",keycodes!$C$2,IF($B$1="Japanese",IF(INDEX(keycodes!$E:$E,MATCH(I18,keycodes!$A:$A,0),0)<>"",INDEX(keycodes!$E:$E,MATCH(I18,keycodes!$A:$A,0),0),INDEX(keycodes!$C:$C,MATCH(I18,keycodes!$A:$A,0),0)),INDEX(keycodes!$C:$C,MATCH(I18,keycodes!$B:$B,0),0))) -> MO_LA | ... O44: =IF(O18="",keycodes!$C$2,IF($B$1="Japanese",IF(INDEX(keycodes!$E:$E,MATCH(O18,keycodes!$A:$A,0),0)<>"",INDEX(keycodes!$E:$E,MATCH(O18,keycodes!$A:$A,0),0),INDEX(keycodes!$C:$C,MATCH(O18,keycodes!$A:$A,0),0)),INDEX(keycodes!$C:$C,MATCH(O18,keycodes!$B:$B,0),0))) -> TERM
A45: LOWER_ADJUST | B45: =IF(B19="",keycodes!$C$2,IF($B$1="Japanese",IF(INDEX(keycodes!$E:$E,MATCH(B19,keycodes!$A:$A,0),0)<>"",INDEX(keycodes!$E:$E,MATCH(B19,keycodes!$A:$A,0),0),INDEX(keycodes!$C:$C,MATCH(B19,keycodes!$A:$A,0),0)),INDEX(keycodes!$C:$C,MATCH(B19,keycodes!$B:$B,0),0))) -> XXXXXXX | C45: =IF(C19="",keycodes!$C$2,IF($B$1="Japanese",IF(INDEX(keycodes!$E:$E,MATCH(C19,keycodes!$A:$A,0),0)<>"",INDEX(keycodes!$E:$E,MATCH(C19,keycodes!$A:$A,0),0),INDEX(keycodes!$C:$C,MATCH(C19,keycodes!$A:$A,0),0)),INDEX(keycodes!$C:$C,MATCH(C19,keycodes!$B:$B,0),0))) -> S(KC_1) | D45: =IF(D19="",keycodes!$C$2,IF($B$1="Japanese",IF(INDEX(keycodes!$E:$E,MATCH(D19,keycodes!$A:$A,0),0)<>"",INDEX(keycodes!$E:$E,MATCH(D19,keycodes!$A:$A,0),0),INDEX(keycodes!$C:$C,MATCH(D19,keycodes!$A:$A,0),0)),INDEX(keycodes!$C:$C,MATCH(D19,keycodes!$B:$B,0),0))) -> S(KC_2) | E45: =IF(E19="",keycodes!$C$2,IF($B$1="Japanese",IF(INDEX(keycodes!$E:$E,MATCH(E19,keycodes!$A:$A,0),0)<>"",INDEX(keycodes!$E:$E,MATCH(E19,keycodes!$A:$A,0),0),INDEX(keycodes!$C:$C,MATCH(E19,keycodes!$A:$A,0),0)),INDEX(keycodes!$C:$C,MATCH(E19,keycodes!$B:$B,0),0))) -> S(KC_3) | F45: =IF(F19="",keycodes!$C$2,IF($B$1="Japanese",IF(INDEX(keycodes!$E:$E,MATCH(F19,keycodes!$A:$A,0),0)<>"",INDEX(keycodes!$E:$E,MATCH(F19,keycodes!$A:$A,0),0),INDEX(keycodes!$C:$C,MATCH(F19,keycodes!$A:$A,0),0)),INDEX(keycodes!$C:$C,MATCH(F19,keycodes!$B:$B,0),0))) -> S(KC_4) | G45: =IF(G19="",keycodes!$C$2,IF($B$1="Japanese",IF(INDEX(keycodes!$E:$E,MATCH(G19,keycodes!$A:$A,0),0)<>"",INDEX(keycodes!$E:$E,MATCH(G19,keycodes!$A:$A,0),0),INDEX(keycodes!$C:$C,MATCH(G19,keycodes!$A:$A,0),0)),INDEX(keycodes!$C:$C,MATCH(G19,keycodes!$B:$B,0),0))) -> S(KC_5) | H45: =IF(H19="",keycodes!$C$2,IF($B$1="Japanese",IF(INDEX(keycodes!$E:$E,MATCH(H19,keycodes!$A:$A,0),0)<>"",INDEX(keycodes!$E:$E,MATCH(H19,keycodes!$A:$A,0),0),INDEX(keycodes!$C:$C,MATCH(H19,keycodes!$A:$A,0),0)),INDEX(keycodes!$C:$C,MATCH(H19,keycodes!$B:$B,0),0))) -> NONE | I45: =IF(I19="",keycodes!$C$2,IF($B$1="Japanese",IF(INDEX(keycodes!$E:$E,MATCH(I19,keycodes!$A:$A,0),0)<>"",INDEX(keycodes!$E:$E,MATCH(I19,keycodes!$A:$A,0),0),INDEX(keycodes!$C:$C,MATCH(I19,keycodes!$A:$A,0),0)),INDEX(keycodes!$C:$C,MATCH(I19,keycodes!$B:$B,0),0))) -> NONE | ... O45: =IF(O19="",keycodes!$C$2,IF($B$1="Japanese",IF(INDEX(keycodes!$E:$E,MATCH(O19,keycodes!$A:$A,0),0)<>"",INDEX(keycodes!$E:$E,MATCH(O19,keycodes!$A:$A,0),0),INDEX(keycodes!$C:$C,MATCH(O19,keycodes!$A:$A,0),0)),INDEX(keycodes!$C:$C,MATCH(O19,keycodes!$B:$B,0),0))) -> S(KC_LBRC)
B46: =IF(B20="",keycodes!$C$2,IF($B$1="Japanese",IF(INDEX(keycodes!$E:$E,MATCH(B20,keycodes!$A:$A,0),0)<>"",INDEX(keycodes!$E:$E,MATCH(B20,keycodes!$A:$A,0),0),INDEX(keycodes!$C:$C,MATCH(B20,keycodes!$A:$A,0),0)),INDEX(keycodes!$C:$C,MATCH(B20,keycodes!$B:$B,0),0))) -> XXXXXXX | C46: =IF(C20="",keycodes!$C$2,IF($B$1="Japanese",IF(INDEX(keycodes!$E:$E,MATCH(C20,keycodes!$A:$A,0),0)<>"",INDEX(keycodes!$E:$E,MATCH(C20,keycodes!$A:$A,0),0),INDEX(keycodes!$C:$C,MATCH(C20,keycodes!$A:$A,0),0)),INDEX(keycodes!$C:$C,MATCH(C20,keycodes!$B:$B,0),0))) -> XXXXXXX | D46: =IF(D20="",keycodes!$C$2,IF($B$1="Japanese",IF(INDEX(keycodes!$E:$E,MATCH(D20,keycodes!$A:$A,0),0)<>"",INDEX(keycodes!$E:$E,MATCH(D20,keycodes!$A:$A,0),0),INDEX(keycodes!$C:$C,MATCH(D20,keycodes!$A:$A,0),0)),INDEX(keycodes!$C:$C,MATCH(D20,keycodes!$B:$B,0),0))) -> KC_HOME | E46: =IF(E20="",keycodes!$C$2,IF($B$1="Japanese",IF(INDEX(keycodes!$E:$E,MATCH(E20,keycodes!$A:$A,0),0)<>"",INDEX(keycodes!$E:$E,MATCH(E20,keycodes!$A:$A,0),0),INDEX(keycodes!$C:$C,MATCH(E20,keycodes!$A:$A,0),0)),INDEX(keycodes!$C:$C,MATCH(E20,keycodes!$B:$B,0),0))) -> KC_PGUP | F46: =IF(F20="",keycodes!$C$2,IF($B$1="Japanese",IF(INDEX(keycodes!$E:$E,MATCH(F20,keycodes!$A:$A,0),0)<>"",INDEX(keycodes!$E:$E,MATCH(F20,keycodes!$A:$A,0),0),INDEX(keycodes!$C:$C,MATCH(F20,keycodes!$A:$A,0),0)),INDEX(keycodes!$C:$C,MATCH(F20,keycodes!$B:$B,0),0))) -> KC_PGDN | G46: =IF(G20="",keycodes!$C$2,IF($B$1="Japanese",IF(INDEX(keycodes!$E:$E,MATCH(G20,keycodes!$A:$A,0),0)<>"",INDEX(keycodes!$E:$E,MATCH(G20,keycodes!$A:$A,0),0),INDEX(keycodes!$C:$C,MATCH(G20,keycodes!$A:$A,0),0)),INDEX(keycodes!$C:$C,MATCH(G20,keycodes!$B:$B,0),0))) -> KC_END | H46: =IF(H20="",keycodes!$C$2,IF($B$1="Japanese",IF(INDEX(keycodes!$E:$E,MATCH(H20,keycodes!$A:$A,0),0)<>"",INDEX(keycodes!$E:$E,MATCH(H20,keycodes!$A:$A,0),0),INDEX(keycodes!$C:$C,MATCH(H20,keycodes!$A:$A,0),0)),INDEX(keycodes!$C:$C,MATCH(H20,keycodes!$B:$B,0),0))) -> NONE | I46: =IF(I20="",keycodes!$C$2,IF($B$1="Japanese",IF(INDEX(keycodes!$E:$E,MATCH(I20,keycodes!$A:$A,0),0)<>"",INDEX(keycodes!$E:$E,MATCH(I20,keycodes!$A:$A,0),0),INDEX(keycodes!$C:$C,MATCH(I20,keycodes!$A:$A,0),0)),INDEX(keycodes!$C:$C,MATCH(I20,keycodes!$B:$B,0),0))) -> NONE | ... O46: =IF(O20="",keycodes!$C$2,IF($B$1="Japanese",IF(INDEX(keycodes!$E:$E,MATCH(O20,keycodes!$A:$A,0),0)<>"",INDEX(keycodes!$E:$E,MATCH(O20,keycodes!$A:$A,0),0),INDEX(keycodes!$C:$C,MATCH(O20,keycodes!$A:$A,0),0)),INDEX(keycodes!$C:$C,MATCH(O20,keycodes!$B:$B,0),0))) -> KC_MINS
B47: =IF(B21="",keycodes!$C$2,IF($B$1="Japanese",IF(INDEX(keycodes!$E:$E,MATCH(B21,keycodes!$A:$A,0),0)<>"",INDEX(keycodes!$E:$E,MATCH(B21,keycodes!$A:$A,0),0),INDEX(keycodes!$C:$C,MATCH(B21,keycodes!$A:$A,0),0)),INDEX(keycodes!$C:$C,MATCH(B21,keycodes!$B:$B,0),0))) -> _______ | C47: =IF(C21="",keycodes!$C$2,IF($B$1="Japanese",IF(INDEX(keycodes!$E:$E,MATCH(C21,keycodes!$A:$A,0),0)<>"",INDEX(keycodes!$E:$E,MATCH(C21,keycodes!$A:$A,0),0),INDEX(keycodes!$C:$C,MATCH(C21,keycodes!$A:$A,0),0)),INDEX(keycodes!$C:$C,MATCH(C21,keycodes!$B:$B,0),0))) -> KC_LALT | D47: =IF(D21="",keycodes!$C$2,IF($B$1="Japanese",IF(INDEX(keycodes!$E:$E,MATCH(D21,keycodes!$A:$A,0),0)<>"",INDEX(keycodes!$E:$E,MATCH(D21,keycodes!$A:$A,0),0),INDEX(keycodes!$C:$C,MATCH(D21,keycodes!$A:$A,0),0)),INDEX(keycodes!$C:$C,MATCH(D21,keycodes!$B:$B,0),0))) -> XXXXXXX | E47: =IF(E21="",keycodes!$C$2,IF($B$1="Japanese",IF(INDEX(keycodes!$E:$E,MATCH(E21,keycodes!$A:$A,0),0)<>"",INDEX(keycodes!$E:$E,MATCH(E21,keycodes!$A:$A,0),0),INDEX(keycodes!$C:$C,MATCH(E21,keycodes!$A:$A,0),0)),INDEX(keycodes!$C:$C,MATCH(E21,keycodes!$B:$B,0),0))) -> XXXXXXX | F47: =IF(F21="",keycodes!$C$2,IF($B$1="Japanese",IF(INDEX(keycodes!$E:$E,MATCH(F21,keycodes!$A:$A,0),0)<>"",INDEX(keycodes!$E:$E,MATCH(F21,keycodes!$A:$A,0),0),INDEX(keycodes!$C:$C,MATCH(F21,keycodes!$A:$A,0),0)),INDEX(keycodes!$C:$C,MATCH(F21,keycodes!$B:$B,0),0))) -> KC_INT5 | G47: =IF(G21="",keycodes!$C$2,IF($B$1="Japanese",IF(INDEX(keycodes!$E:$E,MATCH(G21,keycodes!$A:$A,0),0)<>"",INDEX(keycodes!$E:$E,MATCH(G21,keycodes!$A:$A,0),0),INDEX(keycodes!$C:$C,MATCH(G21,keycodes!$A:$A,0),0)),INDEX(keycodes!$C:$C,MATCH(G21,keycodes!$B:$B,0),0))) -> KC_BSPC | H47: =IF(H21="",keycodes!$C$2,IF($B$1="Japanese",IF(INDEX(keycodes!$E:$E,MATCH(H21,keycodes!$A:$A,0),0)<>"",INDEX(keycodes!$E:$E,MATCH(H21,keycodes!$A:$A,0),0),INDEX(keycodes!$C:$C,MATCH(H21,keycodes!$A:$A,0),0)),INDEX(keycodes!$C:$C,MATCH(H21,keycodes!$B:$B,0),0))) -> NONE | I47: =IF(I21="",keycodes!$C$2,IF($B$1="Japanese",IF(INDEX(keycodes!$E:$E,MATCH(I21,keycodes!$A:$A,0),0)<>"",INDEX(keycodes!$E:$E,MATCH(I21,keycodes!$A:$A,0),0),INDEX(keycodes!$C:$C,MATCH(I21,keycodes!$A:$A,0),0)),INDEX(keycodes!$C:$C,MATCH(I21,keycodes!$B:$B,0),0))) -> NONE | ... O47: =IF(O21="",keycodes!$C$2,IF($B$1="Japanese",IF(INDEX(keycodes!$E:$E,MATCH(O21,keycodes!$A:$A,0),0)<>"",INDEX(keycodes!$E:$E,MATCH(O21,keycodes!$A:$A,0),0),INDEX(keycodes!$C:$C,MATCH(O21,keycodes!$A:$A,0),0)),INDEX(keycodes!$C:$C,MATCH(O21,keycodes!$B:$B,0),0))) -> S(KC_INT3)
B48: =IF(B22="",keycodes!$C$2,IF($B$1="Japanese",IF(INDEX(keycodes!$E:$E,MATCH(B22,keycodes!$A:$A,0),0)<>"",INDEX(keycodes!$E:$E,MATCH(B22,keycodes!$A:$A,0),0),INDEX(keycodes!$C:$C,MATCH(B22,keycodes!$A:$A,0),0)),INDEX(keycodes!$C:$C,MATCH(B22,keycodes!$B:$B,0),0))) -> NONE | C48: =IF(C22="",keycodes!$C$2,IF($B$1="Japanese",IF(INDEX(keycodes!$E:$E,MATCH(C22,keycodes!$A:$A,0),0)<>"",INDEX(keycodes!$E:$E,MATCH(C22,keycodes!$A:$A,0),0),INDEX(keycodes!$C:$C,MATCH(C22,keycodes!$A:$A,0),0)),INDEX(keycodes!$C:$C,MATCH(C22,keycodes!$B:$B,0),0))) -> NONE | D48: =IF(D22="",keycodes!$C$2,IF($B$1="Japanese",IF(INDEX(keycodes!$E:$E,MATCH(D22,keycodes!$A:$A,0),0)<>"",INDEX(keycodes!$E:$E,MATCH(D22,keycodes!$A:$A,0),0),INDEX(keycodes!$C:$C,MATCH(D22,keycodes!$A:$A,0),0)),INDEX(keycodes!$C:$C,MATCH(D22,keycodes!$B:$B,0),0))) -> NONE | E48: =IF(E22="",keycodes!$C$2,IF($B$1="Japanese",IF(INDEX(keycodes!$E:$E,MATCH(E22,keycodes!$A:$A,0),0)<>"",INDEX(keycodes!$E:$E,MATCH(E22,keycodes!$A:$A,0),0),INDEX(keycodes!$C:$C,MATCH(E22,keycodes!$A:$A,0),0)),INDEX(keycodes!$C:$C,MATCH(E22,keycodes!$B:$B,0),0))) -> NONE | F48: =IF(F22="",keycodes!$C$2,IF($B$1="Japanese",IF(INDEX(keycodes!$E:$E,MATCH(F22,keycodes!$A:$A,0),0)<>"",INDEX(keycodes!$E:$E,MATCH(F22,keycodes!$A:$A,0),0),INDEX(keycodes!$C:$C,MATCH(F22,keycodes!$A:$A,0),0)),INDEX(keycodes!$C:$C,MATCH(F22,keycodes!$B:$B,0),0))) -> _______ | G48: =IF(G22="",keycodes!$C$2,IF($B$1="Japanese",IF(INDEX(keycodes!$E:$E,MATCH(G22,keycodes!$A:$A,0),0)<>"",INDEX(keycodes!$E:$E,MATCH(G22,keycodes!$A:$A,0),0),INDEX(keycodes!$C:$C,MATCH(G22,keycodes!$A:$A,0),0)),INDEX(keycodes!$C:$C,MATCH(G22,keycodes!$B:$B,0),0))) -> _______ | H48: =IF(H22="",keycodes!$C$2,IF($B$1="Japanese",IF(INDEX(keycodes!$E:$E,MATCH(H22,keycodes!$A:$A,0),0)<>"",INDEX(keycodes!$E:$E,MATCH(H22,keycodes!$A:$A,0),0),INDEX(keycodes!$C:$C,MATCH(H22,keycodes!$A:$A,0),0)),INDEX(keycodes!$C:$C,MATCH(H22,keycodes!$B:$B,0),0))) -> _______ | I48: =IF(I22="",keycodes!$C$2,IF($B$1="Japanese",IF(INDEX(keycodes!$E:$E,MATCH(I22,keycodes!$A:$A,0),0)<>"",INDEX(keycodes!$E:$E,MATCH(I22,keycodes!$A:$A,0),0),INDEX(keycodes!$C:$C,MATCH(I22,keycodes!$A:$A,0),0)),INDEX(keycodes!$C:$C,MATCH(I22,keycodes!$B:$B,0),0))) -> _______ | ... O48: =IF(O22="",keycodes!$C$2,IF($B$1="Japanese",IF(INDEX(keycodes!$E:$E,MATCH(O22,keycodes!$A:$A,0),0)<>"",INDEX(keycodes!$E:$E,MATCH(O22,keycodes!$A:$A,0),0),INDEX(keycodes!$C:$C,MATCH(O22,keycodes!$A:$A,0),0)),INDEX(keycodes!$C:$C,MATCH(O22,keycodes!$B:$B,0),0))) -> TERM
A49: RAISE_ADJUST | B49: =IF(B23="",keycodes!$C$2,IF($B$1="Japanese",IF(INDEX(keycodes!$E:$E,MATCH(B23,keycodes!$A:$A,0),0)<>"",INDEX(keycodes!$E:$E,MATCH(B23,keycodes!$A:$A,0),0),INDEX(keycodes!$C:$C,MATCH(B23,keycodes!$A:$A,0),0)),INDEX(keycodes!$C:$C,MATCH(B23,keycodes!$B:$B,0),0))) -> KC_F1 | C49: =IF(C23="",keycodes!$C$2,IF($B$1="Japanese",IF(INDEX(keycodes!$E:$E,MATCH(C23,keycodes!$A:$A,0),0)<>"",INDEX(keycodes!$E:$E,MATCH(C23,keycodes!$A:$A,0),0),INDEX(keycodes!$C:$C,MATCH(C23,keycodes!$A:$A,0),0)),INDEX(keycodes!$C:$C,MATCH(C23,keycodes!$B:$B,0),0))) -> KC_F2 | D49: =IF(D23="",keycodes!$C$2,IF($B$1="Japanese",IF(INDEX(keycodes!$E:$E,MATCH(D23,keycodes!$A:$A,0),0)<>"",INDEX(keycodes!$E:$E,MATCH(D23,keycodes!$A:$A,0),0),INDEX(keycodes!$C:$C,MATCH(D23,keycodes!$A:$A,0),0)),INDEX(keycodes!$C:$C,MATCH(D23,keycodes!$B:$B,0),0))) -> KC_F3 | E49: =IF(E23="",keycodes!$C$2,IF($B$1="Japanese",IF(INDEX(keycodes!$E:$E,MATCH(E23,keycodes!$A:$A,0),0)<>"",INDEX(keycodes!$E:$E,MATCH(E23,keycodes!$A:$A,0),0),INDEX(keycodes!$C:$C,MATCH(E23,keycodes!$A:$A,0),0)),INDEX(keycodes!$C:$C,MATCH(E23,keycodes!$B:$B,0),0))) -> KC_F4 | F49: =IF(F23="",keycodes!$C$2,IF($B$1="Japanese",IF(INDEX(keycodes!$E:$E,MATCH(F23,keycodes!$A:$A,0),0)<>"",INDEX(keycodes!$E:$E,MATCH(F23,keycodes!$A:$A,0),0),INDEX(keycodes!$C:$C,MATCH(F23,keycodes!$A:$A,0),0)),INDEX(keycodes!$C:$C,MATCH(F23,keycodes!$B:$B,0),0))) -> KC_F5 | G49: =IF(G23="",keycodes!$C$2,IF($B$1="Japanese",IF(INDEX(keycodes!$E:$E,MATCH(G23,keycodes!$A:$A,0),0)<>"",INDEX(keycodes!$E:$E,MATCH(G23,keycodes!$A:$A,0),0),INDEX(keycodes!$C:$C,MATCH(G23,keycodes!$A:$A,0),0)),INDEX(keycodes!$C:$C,MATCH(G23,keycodes!$B:$B,0),0))) -> KC_F6 | H49: =IF(H23="",keycodes!$C$2,IF($B$1="Japanese",IF(INDEX(keycodes!$E:$E,MATCH(H23,keycodes!$A:$A,0),0)<>"",INDEX(keycodes!$E:$E,MATCH(H23,keycodes!$A:$A,0),0),INDEX(keycodes!$C:$C,MATCH(H23,keycodes!$A:$A,0),0)),INDEX(keycodes!$C:$C,MATCH(H23,keycodes!$B:$B,0),0))) -> NONE | I49: =IF(I23="",keycodes!$C$2,IF($B$1="Japanese",IF(INDEX(keycodes!$E:$E,MATCH(I23,keycodes!$A:$A,0),0)<>"",INDEX(keycodes!$E:$E,MATCH(I23,keycodes!$A:$A,0),0),INDEX(keycodes!$C:$C,MATCH(I23,keycodes!$A:$A,0),0)),INDEX(keycodes!$C:$C,MATCH(I23,keycodes!$B:$B,0),0))) -> NONE | ... O49: =IF(O23="",keycodes!$C$2,IF($B$1="Japanese",IF(INDEX(keycodes!$E:$E,MATCH(O23,keycodes!$A:$A,0),0)<>"",INDEX(keycodes!$E:$E,MATCH(O23,keycodes!$A:$A,0),0),INDEX(keycodes!$C:$C,MATCH(O23,keycodes!$A:$A,0),0)),INDEX(keycodes!$C:$C,MATCH(O23,keycodes!$B:$B,0),0))) -> KC_F12
B50: =IF(B24="",keycodes!$C$2,IF($B$1="Japanese",IF(INDEX(keycodes!$E:$E,MATCH(B24,keycodes!$A:$A,0),0)<>"",INDEX(keycodes!$E:$E,MATCH(B24,keycodes!$A:$A,0),0),INDEX(keycodes!$C:$C,MATCH(B24,keycodes!$A:$A,0),0)),INDEX(keycodes!$C:$C,MATCH(B24,keycodes!$B:$B,0),0))) -> XXXXXXX | C50: =IF(C24="",keycodes!$C$2,IF($B$1="Japanese",IF(INDEX(keycodes!$E:$E,MATCH(C24,keycodes!$A:$A,0),0)<>"",INDEX(keycodes!$E:$E,MATCH(C24,keycodes!$A:$A,0),0),INDEX(keycodes!$C:$C,MATCH(C24,keycodes!$A:$A,0),0)),INDEX(keycodes!$C:$C,MATCH(C24,keycodes!$B:$B,0),0))) -> KC_1 | D50: =IF(D24="",keycodes!$C$2,IF($B$1="Japanese",IF(INDEX(keycodes!$E:$E,MATCH(D24,keycodes!$A:$A,0),0)<>"",INDEX(keycodes!$E:$E,MATCH(D24,keycodes!$A:$A,0),0),INDEX(keycodes!$C:$C,MATCH(D24,keycodes!$A:$A,0),0)),INDEX(keycodes!$C:$C,MATCH(D24,keycodes!$B:$B,0),0))) -> KC_2 | E50: =IF(E24="",keycodes!$C$2,IF($B$1="Japanese",IF(INDEX(keycodes!$E:$E,MATCH(E24,keycodes!$A:$A,0),0)<>"",INDEX(keycodes!$E:$E,MATCH(E24,keycodes!$A:$A,0),0),INDEX(keycodes!$C:$C,MATCH(E24,keycodes!$A:$A,0),0)),INDEX(keycodes!$C:$C,MATCH(E24,keycodes!$B:$B,0),0))) -> KC_3 | F50: =IF(F24="",keycodes!$C$2,IF($B$1="Japanese",IF(INDEX(keycodes!$E:$E,MATCH(F24,keycodes!$A:$A,0),0)<>"",INDEX(keycodes!$E:$E,MATCH(F24,keycodes!$A:$A,0),0),INDEX(keycodes!$C:$C,MATCH(F24,keycodes!$A:$A,0),0)),INDEX(keycodes!$C:$C,MATCH(F24,keycodes!$B:$B,0),0))) -> KC_4 | G50: =IF(G24="",keycodes!$C$2,IF($B$1="Japanese",IF(INDEX(keycodes!$E:$E,MATCH(G24,keycodes!$A:$A,0),0)<>"",INDEX(keycodes!$E:$E,MATCH(G24,keycodes!$A:$A,0),0),INDEX(keycodes!$C:$C,MATCH(G24,keycodes!$A:$A,0),0)),INDEX(keycodes!$C:$C,MATCH(G24,keycodes!$B:$B,0),0))) -> KC_5 | H50: =IF(H24="",keycodes!$C$2,IF($B$1="Japanese",IF(INDEX(keycodes!$E:$E,MATCH(H24,keycodes!$A:$A,0),0)<>"",INDEX(keycodes!$E:$E,MATCH(H24,keycodes!$A:$A,0),0),INDEX(keycodes!$C:$C,MATCH(H24,keycodes!$A:$A,0),0)),INDEX(keycodes!$C:$C,MATCH(H24,keycodes!$B:$B,0),0))) -> NONE | I50: =IF(I24="",keycodes!$C$2,IF($B$1="Japanese",IF(INDEX(keycodes!$E:$E,MATCH(I24,keycodes!$A:$A,0),0)<>"",INDEX(keycodes!$E:$E,MATCH(I24,keycodes!$A:$A,0),0),INDEX(keycodes!$C:$C,MATCH(I24,keycodes!$A:$A,0),0)),INDEX(keycodes!$C:$C,MATCH(I24,keycodes!$B:$B,0),0))) -> NONE | ... O50: =IF(O24="",keycodes!$C$2,IF($B$1="Japanese",IF(INDEX(keycodes!$E:$E,MATCH(O24,keycodes!$A:$A,0),0)<>"",INDEX(keycodes!$E:$E,MATCH(O24,keycodes!$A:$A,0),0),INDEX(keycodes!$C:$C,MATCH(O24,keycodes!$A:$A,0),0)),INDEX(keycodes!$C:$C,MATCH(O24,keycodes!$B:$B,0),0))) -> _______
B51: =IF(B25="",keycodes!$C$2,IF($B$1="Japanese",IF(INDEX(keycodes!$E:$E,MATCH(B25,keycodes!$A:$A,0),0)<>"",INDEX(keycodes!$E:$E,MATCH(B25,keycodes!$A:$A,0),0),INDEX(keycodes!$C:$C,MATCH(B25,keycodes!$A:$A,0),0)),INDEX(keycodes!$C:$C,MATCH(B25,keycodes!$B:$B,0),0))) -> _______ | C51: =IF(C25="",keycodes!$C$2,IF($B$1="Japanese",IF(INDEX(keycodes!$E:$E,MATCH(C25,keycodes!$A:$A,0),0)<>"",INDEX(keycodes!$E:$E,MATCH(C25,keycodes!$A:$A,0),0),INDEX(keycodes!$C:$C,MATCH(C25,keycodes!$A:$A,0),0)),INDEX(keycodes!$C:$C,MATCH(C25,keycodes!$B:$B,0),0))) -> _______ | D51: =IF(D25="",keycodes!$C$2,IF($B$1="Japanese",IF(INDEX(keycodes!$E:$E,MATCH(D25,keycodes!$A:$A,0),0)<>"",INDEX(keycodes!$E:$E,MATCH(D25,keycodes!$A:$A,0),0),INDEX(keycodes!$C:$C,MATCH(D25,keycodes!$A:$A,0),0)),INDEX(keycodes!$C:$C,MATCH(D25,keycodes!$B:$B,0),0))) -> KC_VOLD | E51: =IF(E25="",keycodes!$C$2,IF($B$1="Japanese",IF(INDEX(keycodes!$E:$E,MATCH(E25,keycodes!$A:$A,0),0)<>"",INDEX(keycodes!$E:$E,MATCH(E25,keycodes!$A:$A,0),0),INDEX(keycodes!$C:$C,MATCH(E25,keycodes!$A:$A,0),0)),INDEX(keycodes!$C:$C,MATCH(E25,keycodes!$B:$B,0),0))) -> KC_VOLU | F51: =IF(F25="",keycodes!$C$2,IF($B$1="Japanese",IF(INDEX(keycodes!$E:$E,MATCH(F25,keycodes!$A:$A,0),0)<>"",INDEX(keycodes!$E:$E,MATCH(F25,keycodes!$A:$A,0),0),INDEX(keycodes!$C:$C,MATCH(F25,keycodes!$A:$A,0),0)),INDEX(keycodes!$C:$C,MATCH(F25,keycodes!$B:$B,0),0))) -> _______ | G51: =IF(G25="",keycodes!$C$2,IF($B$1="Japanese",IF(INDEX(keycodes!$E:$E,MATCH(G25,keycodes!$A:$A,0),0)<>"",INDEX(keycodes!$E:$E,MATCH(G25,keycodes!$A:$A,0),0),INDEX(keycodes!$C:$C,MATCH(G25,keycodes!$A:$A,0),0)),INDEX(keycodes!$C:$C,MATCH(G25,keycodes!$B:$B,0),0))) -> _______ | H51: =IF(H25="",keycodes!$C$2,IF($B$1="Japanese",IF(INDEX(keycodes!$E:$E,MATCH(H25,keycodes!$A:$A,0),0)<>"",INDEX(keycodes!$E:$E,MATCH(H25,keycodes!$A:$A,0),0),INDEX(keycodes!$C:$C,MATCH(H25,keycodes!$A:$A,0),0)),INDEX(keycodes!$C:$C,MATCH(H25,keycodes!$B:$B,0),0))) -> NONE | I51: =IF(I25="",keycodes!$C$2,IF($B$1="Japanese",IF(INDEX(keycodes!$E:$E,MATCH(I25,keycodes!$A:$A,0),0)<>"",INDEX(keycodes!$E:$E,MATCH(I25,keycodes!$A:$A,0),0),INDEX(keycodes!$C:$C,MATCH(I25,keycodes!$A:$A,0),0)),INDEX(keycodes!$C:$C,MATCH(I25,keycodes!$B:$B,0),0))) -> NONE | ... O51: =IF(O25="",keycodes!$C$2,IF($B$1="Japanese",IF(INDEX(keycodes!$E:$E,MATCH(O25,keycodes!$A:$A,0),0)<>"",INDEX(keycodes!$E:$E,MATCH(O25,keycodes!$A:$A,0),0),INDEX(keycodes!$C:$C,MATCH(O25,keycodes!$A:$A,0),0)),INDEX(keycodes!$C:$C,MATCH(O25,keycodes!$B:$B,0),0))) -> KC_INT1
B52: =IF(B26="",keycodes!$C$2,IF($B$1="Japanese",IF(INDEX(keycodes!$E:$E,MATCH(B26,keycodes!$A:$A,0),0)<>"",INDEX(keycodes!$E:$E,MATCH(B26,keycodes!$A:$A,0),0),INDEX(keycodes!$C:$C,MATCH(B26,keycodes!$A:$A,0),0)),INDEX(keycodes!$C:$C,MATCH(B26,keycodes!$B:$B,0),0))) -> NONE | C52: =IF(C26="",keycodes!$C$2,IF($B$1="Japanese",IF(INDEX(keycodes!$E:$E,MATCH(C26,keycodes!$A:$A,0),0)<>"",INDEX(keycodes!$E:$E,MATCH(C26,keycodes!$A:$A,0),0),INDEX(keycodes!$C:$C,MATCH(C26,keycodes!$A:$A,0),0)),INDEX(keycodes!$C:$C,MATCH(C26,keycodes!$B:$B,0),0))) -> NONE | D52: =IF(D26="",keycodes!$C$2,IF($B$1="Japanese",IF(INDEX(keycodes!$E:$E,MATCH(D26,keycodes!$A:$A,0),0)<>"",INDEX(keycodes!$E:$E,MATCH(D26,keycodes!$A:$A,0),0),INDEX(keycodes!$C:$C,MATCH(D26,keycodes!$A:$A,0),0)),INDEX(keycodes!$C:$C,MATCH(D26,keycodes!$B:$B,0),0))) -> NONE | E52: =IF(E26="",keycodes!$C$2,IF($B$1="Japanese",IF(INDEX(keycodes!$E:$E,MATCH(E26,keycodes!$A:$A,0),0)<>"",INDEX(keycodes!$E:$E,MATCH(E26,keycodes!$A:$A,0),0),INDEX(keycodes!$C:$C,MATCH(E26,keycodes!$A:$A,0),0)),INDEX(keycodes!$C:$C,MATCH(E26,keycodes!$B:$B,0),0))) -> NONE | F52: =IF(F26="",keycodes!$C$2,IF($B$1="Japanese",IF(INDEX(keycodes!$E:$E,MATCH(F26,keycodes!$A:$A,0),0)<>"",INDEX(keycodes!$E:$E,MATCH(F26,keycodes!$A:$A,0),0),INDEX(keycodes!$C:$C,MATCH(F26,keycodes!$A:$A,0),0)),INDEX(keycodes!$C:$C,MATCH(F26,keycodes!$B:$B,0),0))) -> _______ | G52: =IF(G26="",keycodes!$C$2,IF($B$1="Japanese",IF(INDEX(keycodes!$E:$E,MATCH(G26,keycodes!$A:$A,0),0)<>"",INDEX(keycodes!$E:$E,MATCH(G26,keycodes!$A:$A,0),0),INDEX(keycodes!$C:$C,MATCH(G26,keycodes!$A:$A,0),0)),INDEX(keycodes!$C:$C,MATCH(G26,keycodes!$B:$B,0),0))) -> _______ | H52: =IF(H26="",keycodes!$C$2,IF($B$1="Japanese",IF(INDEX(keycodes!$E:$E,MATCH(H26,keycodes!$A:$A,0),0)<>"",INDEX(keycodes!$E:$E,MATCH(H26,keycodes!$A:$A,0),0),INDEX(keycodes!$C:$C,MATCH(H26,keycodes!$A:$A,0),0)),INDEX(keycodes!$C:$C,MATCH(H26,keycodes!$B:$B,0),0))) -> _______ | I52: =IF(I26="",keycodes!$C$2,IF($B$1="Japanese",IF(INDEX(keycodes!$E:$E,MATCH(I26,keycodes!$A:$A,0),0)<>"",INDEX(keycodes!$E:$E,MATCH(I26,keycodes!$A:$A,0),0),INDEX(keycodes!$C:$C,MATCH(I26,keycodes!$A:$A,0),0)),INDEX(keycodes!$C:$C,MATCH(I26,keycodes!$B:$B,0),0))) -> _______ | ... O52: =IF(O26="",keycodes!$C$2,IF($B$1="Japanese",IF(INDEX(keycodes!$E:$E,MATCH(O26,keycodes!$A:$A,0),0)<>"",INDEX(keycodes!$E:$E,MATCH(O26,keycodes!$A:$A,0),0),INDEX(keycodes!$C:$C,MATCH(O26,keycodes!$A:$A,0),0)),INDEX(keycodes!$C:$C,MATCH(O26,keycodes!$B:$B,0),0))) -> TERM
A55: DEFAULT | B55: =IF(B29="TERM","",IF(B29="NONE",REPT(" ",17),REPT(" ",15-LEN(B29))&B29))&IF(OR(B29="TERM",B29="NONE"),"",IF(C29="TERM","",IF(C29="",",",", "))) -> KC_ESC, | C55: =IF(C29="TERM","",IF(C29="NONE",REPT(" ",17),REPT(" ",15-LEN(C29))&C29))&IF(OR(C29="TERM",C29="NONE"),"",IF(D29="TERM","",IF(D29="",",",", "))) -> KC_Q, | D55: =IF(D29="TERM","",IF(D29="NONE",REPT(" ",17),REPT(" ",15-LEN(D29))&D29))&IF(OR(D29="TERM",D29="NONE"),"",IF(E29="TERM","",IF(E29="",",",", "))) -> KC_W, | E55: =IF(E29="TERM","",IF(E29="NONE",REPT(" ",17),REPT(" ",15-LEN(E29))&E29))&IF(OR(E29="TERM",E29="NONE"),"",IF(F29="TERM","",IF(F29="",",",", "))) -> KC_E, | F55: =IF(F29="TERM","",IF(F29="NONE",REPT(" ",17),REPT(" ",15-LEN(F29))&F29))&IF(OR(F29="TERM",F29="NONE"),"",IF(G29="TERM","",IF(G29="",",",", "))) -> KC_R, | G55: =IF(G29="TERM","",IF(G29="NONE",REPT(" ",17),REPT(" ",15-LEN(G29))&G29))&IF(OR(G29="TERM",G29="NONE"),"",IF(H29="TERM","",IF(H29="",",",", "))) -> KC_T, | H55: =IF(H29="TERM","",IF(H29="NONE",REPT(" ",17),REPT(" ",15-LEN(H29))&H29))&IF(OR(H29="TERM",H29="NONE"),"",IF(I29="TERM","",IF(I29="",",",", "))) | I55: =IF(I29="TERM","",IF(I29="NONE",REPT(" ",17),REPT(" ",15-LEN(I29))&I29))&IF(OR(I29="TERM",I29="NONE"),"",IF(J29="TERM","",IF(J29="",",",", "))) | ... O55: =IF(O29="TERM","",IF(O29="NONE",REPT(" ",17),REPT(" ",15-LEN(O29))&O29))&IF(OR(O29="TERM",O29="NONE"),"",IF(P29="TERM","",IF(P29="",",",", "))) -> KC_LBRC,
B56: =IF(B30="TERM","",IF(B30="NONE",REPT(" ",17),REPT(" ",15-LEN(B30))&B30))&IF(OR(B30="TERM",B30="NONE"),"",IF(C30="TERM","",IF(C30="",",",", "))) -> KC_TAB, | C56: =IF(C30="TERM","",IF(C30="NONE",REPT(" ",17),REPT(" ",15-LEN(C30))&C30))&IF(OR(C30="TERM",C30="NONE"),"",IF(D30="TERM","",IF(D30="",",",", "))) -> KC_A, | D56: =IF(D30="TERM","",IF(D30="NONE",REPT(" ",17),REPT(" ",15-LEN(D30))&D30))&IF(OR(D30="TERM",D30="NONE"),"",IF(E30="TERM","",IF(E30="",",",", "))) -> KC_S, | E56: =IF(E30="TERM","",IF(E30="NONE",REPT(" ",17),REPT(" ",15-LEN(E30))&E30))&IF(OR(E30="TERM",E30="NONE"),"",IF(F30="TERM","",IF(F30="",",",", "))) -> KC_D, | F56: =IF(F30="TERM","",IF(F30="NONE",REPT(" ",17),REPT(" ",15-LEN(F30))&F30))&IF(OR(F30="TERM",F30="NONE"),"",IF(G30="TERM","",IF(G30="",",",", "))) -> KC_F, | G56: =IF(G30="TERM","",IF(G30="NONE",REPT(" ",17),REPT(" ",15-LEN(G30))&G30))&IF(OR(G30="TERM",G30="NONE"),"",IF(H30="TERM","",IF(H30="",",",", "))) -> KC_G, | H56: =IF(H30="TERM","",IF(H30="NONE",REPT(" ",17),REPT(" ",15-LEN(H30))&H30))&IF(OR(H30="TERM",H30="NONE"),"",IF(I30="TERM","",IF(I30="",",",", "))) | I56: =IF(I30="TERM","",IF(I30="NONE",REPT(" ",17),REPT(" ",15-LEN(I30))&I30))&IF(OR(I30="TERM",I30="NONE"),"",IF(J30="TERM","",IF(J30="",",",", "))) | ... O56: =IF(O30="TERM","",IF(O30="NONE",REPT(" ",17),REPT(" ",15-LEN(O30))&O30))&IF(OR(O30="TERM",O30="NONE"),"",IF(P30="TERM","",IF(P30="",",",", "))) -> KC_QUOT,
B57: =IF(B31="TERM","",IF(B31="NONE",REPT(" ",17),REPT(" ",15-LEN(B31))&B31))&IF(OR(B31="TERM",B31="NONE"),"",IF(C31="TERM","",IF(C31="",",",", "))) -> KC_LCTL, | C57: =IF(C31="TERM","",IF(C31="NONE",REPT(" ",17),REPT(" ",15-LEN(C31))&C31))&IF(OR(C31="TERM",C31="NONE"),"",IF(D31="TERM","",IF(D31="",",",", "))) -> KC_Z, | D57: =IF(D31="TERM","",IF(D31="NONE",REPT(" ",17),REPT(" ",15-LEN(D31))&D31))&IF(OR(D31="TERM",D31="NONE"),"",IF(E31="TERM","",IF(E31="",",",", "))) -> KC_X, | E57: =IF(E31="TERM","",IF(E31="NONE",REPT(" ",17),REPT(" ",15-LEN(E31))&E31))&IF(OR(E31="TERM",E31="NONE"),"",IF(F31="TERM","",IF(F31="",",",", "))) -> KC_C, | F57: =IF(F31="TERM","",IF(F31="NONE",REPT(" ",17),REPT(" ",15-LEN(F31))&F31))&IF(OR(F31="TERM",F31="NONE"),"",IF(G31="TERM","",IF(G31="",",",", "))) -> KC_V, | G57: =IF(G31="TERM","",IF(G31="NONE",REPT(" ",17),REPT(" ",15-LEN(G31))&G31))&IF(OR(G31="TERM",G31="NONE"),"",IF(H31="TERM","",IF(H31="",",",", "))) -> KC_B, | H57: =IF(H31="TERM","",IF(H31="NONE",REPT(" ",17),REPT(" ",15-LEN(H31))&H31))&IF(OR(H31="TERM",H31="NONE"),"",IF(I31="TERM","",IF(I31="",",",", "))) | I57: =IF(I31="TERM","",IF(I31="NONE",REPT(" ",17),REPT(" ",15-LEN(I31))&I31))&IF(OR(I31="TERM",I31="NONE"),"",IF(J31="TERM","",IF(J31="",",",", "))) | ... O57: =IF(O31="TERM","",IF(O31="NONE",REPT(" ",17),REPT(" ",15-LEN(O31))&O31))&IF(OR(O31="TERM",O31="NONE"),"",IF(P31="TERM","",IF(P31="",",",", "))) -> KC_INT1,
B58: =IF(B32="TERM","",IF(B32="NONE",REPT(" ",17),REPT(" ",15-LEN(B32))&B32))&IF(OR(B32="TERM",B32="NONE"),"",IF(C32="TERM","",IF(C32="",",",", "))) | C58: =IF(C32="TERM","",IF(C32="NONE",REPT(" ",17),REPT(" ",15-LEN(C32))&C32))&IF(OR(C32="TERM",C32="NONE"),"",IF(D32="TERM","",IF(D32="",",",", "))) | D58: =IF(D32="TERM","",IF(D32="NONE",REPT(" ",17),REPT(" ",15-LEN(D32))&D32))&IF(OR(D32="TERM",D32="NONE"),"",IF(E32="TERM","",IF(E32="",",",", "))) | E58: =IF(E32="TERM","",IF(E32="NONE",REPT(" ",17),REPT(" ",15-LEN(E32))&E32))&IF(OR(E32="TERM",E32="NONE"),"",IF(F32="TERM","",IF(F32="",",",", "))) | F58: =IF(F32="TERM","",IF(F32="NONE",REPT(" ",17),REPT(" ",15-LEN(F32))&F32))&IF(OR(F32="TERM",F32="NONE"),"",IF(G32="TERM","",IF(G32="",",",", "))) -> TG_R, | G58: =IF(G32="TERM","",IF(G32="NONE",REPT(" ",17),REPT(" ",15-LEN(G32))&G32))&IF(OR(G32="TERM",G32="NONE"),"",IF(H32="TERM","",IF(H32="",",",", "))) -> MO_R, | H58: =IF(H32="TERM","",IF(H32="NONE",REPT(" ",17),REPT(" ",15-LEN(H32))&H32))&IF(OR(H32="TERM",H32="NONE"),"",IF(I32="TERM","",IF(I32="",",",", "))) -> LSFT_SPC, | I58: =IF(I32="TERM","",IF(I32="NONE",REPT(" ",17),REPT(" ",15-LEN(I32))&I32))&IF(OR(I32="TERM",I32="NONE"),"",IF(J32="TERM","",IF(J32="",",",", "))) -> RSTF_ENT, | ... O58: =IF(O32="TERM","",IF(O32="NONE",REPT(" ",17),REPT(" ",15-LEN(O32))&O32))&IF(OR(O32="TERM",O32="NONE"),"",IF(P32="TERM","",IF(P32="",",",", ")))
A59: LOWER | B59: =IF(B33="TERM","",IF(B33="NONE",REPT(" ",17),REPT(" ",15-LEN(B33))&B33))&IF(OR(B33="TERM",B33="NONE"),"",IF(C33="TERM","",IF(C33="",",",", "))) -> KC_APP, | C59: =IF(C33="TERM","",IF(C33="NONE",REPT(" ",17),REPT(" ",15-LEN(C33))&C33))&IF(OR(C33="TERM",C33="NONE"),"",IF(D33="TERM","",IF(D33="",",",", "))) -> S(KC_1), | D59: =IF(D33="TERM","",IF(D33="NONE",REPT(" ",17),REPT(" ",15-LEN(D33))&D33))&IF(OR(D33="TERM",D33="NONE"),"",IF(E33="TERM","",IF(E33="",",",", "))) -> S(KC_2), | E59: =IF(E33="TERM","",IF(E33="NONE",REPT(" ",17),REPT(" ",15-LEN(E33))&E33))&IF(OR(E33="TERM",E33="NONE"),"",IF(F33="TERM","",IF(F33="",",",", "))) -> S(KC_3), | F59: =IF(F33="TERM","",IF(F33="NONE",REPT(" ",17),REPT(" ",15-LEN(F33))&F33))&IF(OR(F33="TERM",F33="NONE"),"",IF(G33="TERM","",IF(G33="",",",", "))) -> S(KC_4), | G59: =IF(G33="TERM","",IF(G33="NONE",REPT(" ",17),REPT(" ",15-LEN(G33))&G33))&IF(OR(G33="TERM",G33="NONE"),"",IF(H33="TERM","",IF(H33="",",",", "))) -> S(KC_5), | H59: =IF(H33="TERM","",IF(H33="NONE",REPT(" ",17),REPT(" ",15-LEN(H33))&H33))&IF(OR(H33="TERM",H33="NONE"),"",IF(I33="TERM","",IF(I33="",",",", "))) | I59: =IF(I33="TERM","",IF(I33="NONE",REPT(" ",17),REPT(" ",15-LEN(I33))&I33))&IF(OR(I33="TERM",I33="NONE"),"",IF(J33="TERM","",IF(J33="",",",", "))) | ... O59: =IF(O33="TERM","",IF(O33="NONE",REPT(" ",17),REPT(" ",15-LEN(O33))&O33))&IF(OR(O33="TERM",O33="NONE"),"",IF(P33="TERM","",IF(P33="",",",", "))) -> S(KC_LBRC),
B60: =IF(B34="TERM","",IF(B34="NONE",REPT(" ",17),REPT(" ",15-LEN(B34))&B34))&IF(OR(B34="TERM",B34="NONE"),"",IF(C34="TERM","",IF(C34="",",",", "))) -> KC_LGUI, | C60: =IF(C34="TERM","",IF(C34="NONE",REPT(" ",17),REPT(" ",15-LEN(C34))&C34))&IF(OR(C34="TERM",C34="NONE"),"",IF(D34="TERM","",IF(D34="",",",", "))) -> XXXXXXX, | D60: =IF(D34="TERM","",IF(D34="NONE",REPT(" ",17),REPT(" ",15-LEN(D34))&D34))&IF(OR(D34="TERM",D34="NONE"),"",IF(E34="TERM","",IF(E34="",",",", "))) -> KC_HOME, | E60: =IF(E34="TERM","",IF(E34="NONE",REPT(" ",17),REPT(" ",15-LEN(E34))&E34))&IF(OR(E34="TERM",E34="NONE"),"",IF(F34="TERM","",IF(F34="",",",", "))) -> KC_PGUP, | F60: =IF(F34="TERM","",IF(F34="NONE",REPT(" ",17),REPT(" ",15-LEN(F34))&F34))&IF(OR(F34="TERM",F34="NONE"),"",IF(G34="TERM","",IF(G34="",",",", "))) -> KC_PGDN, | G60: =IF(G34="TERM","",IF(G34="NONE",REPT(" ",17),REPT(" ",15-LEN(G34))&G34))&IF(OR(G34="TERM",G34="NONE"),"",IF(H34="TERM","",IF(H34="",",",", "))) -> KC_END, | H60: =IF(H34="TERM","",IF(H34="NONE",REPT(" ",17),REPT(" ",15-LEN(H34))&H34))&IF(OR(H34="TERM",H34="NONE"),"",IF(I34="TERM","",IF(I34="",",",", "))) | I60: =IF(I34="TERM","",IF(I34="NONE",REPT(" ",17),REPT(" ",15-LEN(I34))&I34))&IF(OR(I34="TERM",I34="NONE"),"",IF(J34="TERM","",IF(J34="",",",", "))) | ... O60: =IF(O34="TERM","",IF(O34="NONE",REPT(" ",17),REPT(" ",15-LEN(O34))&O34))&IF(OR(O34="TERM",O34="NONE"),"",IF(P34="TERM","",IF(P34="",",",", "))) -> KC_MINS,
B61: =IF(B35="TERM","",IF(B35="NONE",REPT(" ",17),REPT(" ",15-LEN(B35))&B35))&IF(OR(B35="TERM",B35="NONE"),"",IF(C35="TERM","",IF(C35="",",",", "))) -> _______, | C61: =IF(C35="TERM","",IF(C35="NONE",REPT(" ",17),REPT(" ",15-LEN(C35))&C35))&IF(OR(C35="TERM",C35="NONE"),"",IF(D35="TERM","",IF(D35="",",",", "))) -> KC_LALT, | D61: =IF(D35="TERM","",IF(D35="NONE",REPT(" ",17),REPT(" ",15-LEN(D35))&D35))&IF(OR(D35="TERM",D35="NONE"),"",IF(E35="TERM","",IF(E35="",",",", "))) -> XXXXXXX, | E61: =IF(E35="TERM","",IF(E35="NONE",REPT(" ",17),REPT(" ",15-LEN(E35))&E35))&IF(OR(E35="TERM",E35="NONE"),"",IF(F35="TERM","",IF(F35="",",",", "))) -> XXXXXXX, | F61: =IF(F35="TERM","",IF(F35="NONE",REPT(" ",17),REPT(" ",15-LEN(F35))&F35))&IF(OR(F35="TERM",F35="NONE"),"",IF(G35="TERM","",IF(G35="",",",", "))) -> KC_INT5, | G61: =IF(G35="TERM","",IF(G35="NONE",REPT(" ",17),REPT(" ",15-LEN(G35))&G35))&IF(OR(G35="TERM",G35="NONE"),"",IF(H35="TERM","",IF(H35="",",",", "))) -> KC_BSPC, | H61: =IF(H35="TERM","",IF(H35="NONE",REPT(" ",17),REPT(" ",15-LEN(H35))&H35))&IF(OR(H35="TERM",H35="NONE"),"",IF(I35="TERM","",IF(I35="",",",", "))) | I61: =IF(I35="TERM","",IF(I35="NONE",REPT(" ",17),REPT(" ",15-LEN(I35))&I35))&IF(OR(I35="TERM",I35="NONE"),"",IF(J35="TERM","",IF(J35="",",",", "))) | ... O61: =IF(O35="TERM","",IF(O35="NONE",REPT(" ",17),REPT(" ",15-LEN(O35))&O35))&IF(OR(O35="TERM",O35="NONE"),"",IF(P35="TERM","",IF(P35="",",",", "))) -> S(KC_INT3),
B62: =IF(B36="TERM","",IF(B36="NONE",REPT(" ",17),REPT(" ",15-LEN(B36))&B36))&IF(OR(B36="TERM",B36="NONE"),"",IF(C36="TERM","",IF(C36="",",",", "))) | C62: =IF(C36="TERM","",IF(C36="NONE",REPT(" ",17),REPT(" ",15-LEN(C36))&C36))&IF(OR(C36="TERM",C36="NONE"),"",IF(D36="TERM","",IF(D36="",",",", "))) | D62: =IF(D36="TERM","",IF(D36="NONE",REPT(" ",17),REPT(" ",15-LEN(D36))&D36))&IF(OR(D36="TERM",D36="NONE"),"",IF(E36="TERM","",IF(E36="",",",", "))) | E62: =IF(E36="TERM","",IF(E36="NONE",REPT(" ",17),REPT(" ",15-LEN(E36))&E36))&IF(OR(E36="TERM",E36="NONE"),"",IF(F36="TERM","",IF(F36="",",",", "))) | F62: =IF(F36="TERM","",IF(F36="NONE",REPT(" ",17),REPT(" ",15-LEN(F36))&F36))&IF(OR(F36="TERM",F36="NONE"),"",IF(G36="TERM","",IF(G36="",",",", "))) -> _______, | G62: =IF(G36="TERM","",IF(G36="NONE",REPT(" ",17),REPT(" ",15-LEN(G36))&G36))&IF(OR(G36="TERM",G36="NONE"),"",IF(H36="TERM","",IF(H36="",",",", "))) -> _______, | H62: =IF(H36="TERM","",IF(H36="NONE",REPT(" ",17),REPT(" ",15-LEN(H36))&H36))&IF(OR(H36="TERM",H36="NONE"),"",IF(I36="TERM","",IF(I36="",",",", "))) -> _______, | I62: =IF(I36="TERM","",IF(I36="NONE",REPT(" ",17),REPT(" ",15-LEN(I36))&I36))&IF(OR(I36="TERM",I36="NONE"),"",IF(J36="TERM","",IF(J36="",",",", "))) -> _______, | ... O62: =IF(O36="TERM","",IF(O36="NONE",REPT(" ",17),REPT(" ",15-LEN(O36))&O36))&IF(OR(O36="TERM",O36="NONE"),"",IF(P36="TERM","",IF(P36="",",",", ")))
A63: RAISE | B63: =IF(B37="TERM","",IF(B37="NONE",REPT(" ",17),REPT(" ",15-LEN(B37))&B37))&IF(OR(B37="TERM",B37="NONE"),"",IF(C37="TERM","",IF(C37="",",",", "))) -> KC_F1, | C63: =IF(C37="TERM","",IF(C37="NONE",REPT(" ",17),REPT(" ",15-LEN(C37))&C37))&IF(OR(C37="TERM",C37="NONE"),"",IF(D37="TERM","",IF(D37="",",",", "))) -> KC_F2, | D63: =IF(D37="TERM","",IF(D37="NONE",REPT(" ",17),REPT(" ",15-LEN(D37))&D37))&IF(OR(D37="TERM",D37="NONE"),"",IF(E37="TERM","",IF(E37="",",",", "))) -> KC_F3, | E63: =IF(E37="TERM","",IF(E37="NONE",REPT(" ",17),REPT(" ",15-LEN(E37))&E37))&IF(OR(E37="TERM",E37="NONE"),"",IF(F37="TERM","",IF(F37="",",",", "))) -> KC_F4, | F63: =IF(F37="TERM","",IF(F37="NONE",REPT(" ",17),REPT(" ",15-LEN(F37))&F37))&IF(OR(F37="TERM",F37="NONE"),"",IF(G37="TERM","",IF(G37="",",",", "))) -> KC_F5, | G63: =IF(G37="TERM","",IF(G37="NONE",REPT(" ",17),REPT(" ",15-LEN(G37))&G37))&IF(OR(G37="TERM",G37="NONE"),"",IF(H37="TERM","",IF(H37="",",",", "))) -> KC_F6, | H63: =IF(H37="TERM","",IF(H37="NONE",REPT(" ",17),REPT(" ",15-LEN(H37))&H37))&IF(OR(H37="TERM",H37="NONE"),"",IF(I37="TERM","",IF(I37="",",",", "))) | I63: =IF(I37="TERM","",IF(I37="NONE",REPT(" ",17),REPT(" ",15-LEN(I37))&I37))&IF(OR(I37="TERM",I37="NONE"),"",IF(J37="TERM","",IF(J37="",",",", "))) | ... O63: =IF(O37="TERM","",IF(O37="NONE",REPT(" ",17),REPT(" ",15-LEN(O37))&O37))&IF(OR(O37="TERM",O37="NONE"),"",IF(P37="TERM","",IF(P37="",",",", "))) -> KC_F12,
B64: =IF(B38="TERM","",IF(B38="NONE",REPT(" ",17),REPT(" ",15-LEN(B38))&B38))&IF(OR(B38="TERM",B38="NONE"),"",IF(C38="TERM","",IF(C38="",",",", "))) -> KC_GRV, | C64: =IF(C38="TERM","",IF(C38="NONE",REPT(" ",17),REPT(" ",15-LEN(C38))&C38))&IF(OR(C38="TERM",C38="NONE"),"",IF(D38="TERM","",IF(D38="",",",", "))) -> KC_1, | D64: =IF(D38="TERM","",IF(D38="NONE",REPT(" ",17),REPT(" ",15-LEN(D38))&D38))&IF(OR(D38="TERM",D38="NONE"),"",IF(E38="TERM","",IF(E38="",",",", "))) -> KC_2, | E64: =IF(E38="TERM","",IF(E38="NONE",REPT(" ",17),REPT(" ",15-LEN(E38))&E38))&IF(OR(E38="TERM",E38="NONE"),"",IF(F38="TERM","",IF(F38="",",",", "))) -> KC_3, | F64: =IF(F38="TERM","",IF(F38="NONE",REPT(" ",17),REPT(" ",15-LEN(F38))&F38))&IF(OR(F38="TERM",F38="NONE"),"",IF(G38="TERM","",IF(G38="",",",", "))) -> KC_4, | G64: =IF(G38="TERM","",IF(G38="NONE",REPT(" ",17),REPT(" ",15-LEN(G38))&G38))&IF(OR(G38="TERM",G38="NONE"),"",IF(H38="TERM","",IF(H38="",",",", "))) -> KC_5, | H64: =IF(H38="TERM","",IF(H38="NONE",REPT(" ",17),REPT(" ",15-LEN(H38))&H38))&IF(OR(H38="TERM",H38="NONE"),"",IF(I38="TERM","",IF(I38="",",",", "))) | I64: =IF(I38="TERM","",IF(I38="NONE",REPT(" ",17),REPT(" ",15-LEN(I38))&I38))&IF(OR(I38="TERM",I38="NONE"),"",IF(J38="TERM","",IF(J38="",",",", "))) | ... O64: =IF(O38="TERM","",IF(O38="NONE",REPT(" ",17),REPT(" ",15-LEN(O38))&O38))&IF(OR(O38="TERM",O38="NONE"),"",IF(P38="TERM","",IF(P38="",",",", "))) -> _______,
B65: =IF(B39="TERM","",IF(B39="NONE",REPT(" ",17),REPT(" ",15-LEN(B39))&B39))&IF(OR(B39="TERM",B39="NONE"),"",IF(C39="TERM","",IF(C39="",",",", "))) -> _______, | C65: =IF(C39="TERM","",IF(C39="NONE",REPT(" ",17),REPT(" ",15-LEN(C39))&C39))&IF(OR(C39="TERM",C39="NONE"),"",IF(D39="TERM","",IF(D39="",",",", "))) -> _______, | D65: =IF(D39="TERM","",IF(D39="NONE",REPT(" ",17),REPT(" ",15-LEN(D39))&D39))&IF(OR(D39="TERM",D39="NONE"),"",IF(E39="TERM","",IF(E39="",",",", "))) -> MS_WHLL, | E65: =IF(E39="TERM","",IF(E39="NONE",REPT(" ",17),REPT(" ",15-LEN(E39))&E39))&IF(OR(E39="TERM",E39="NONE"),"",IF(F39="TERM","",IF(F39="",",",", "))) -> MS_WHLR, | F65: =IF(F39="TERM","",IF(F39="NONE",REPT(" ",17),REPT(" ",15-LEN(F39))&F39))&IF(OR(F39="TERM",F39="NONE"),"",IF(G39="TERM","",IF(G39="",",",", "))) -> _______, | G65: =IF(G39="TERM","",IF(G39="NONE",REPT(" ",17),REPT(" ",15-LEN(G39))&G39))&IF(OR(G39="TERM",G39="NONE"),"",IF(H39="TERM","",IF(H39="",",",", "))) -> _______, | H65: =IF(H39="TERM","",IF(H39="NONE",REPT(" ",17),REPT(" ",15-LEN(H39))&H39))&IF(OR(H39="TERM",H39="NONE"),"",IF(I39="TERM","",IF(I39="",",",", "))) | I65: =IF(I39="TERM","",IF(I39="NONE",REPT(" ",17),REPT(" ",15-LEN(I39))&I39))&IF(OR(I39="TERM",I39="NONE"),"",IF(J39="TERM","",IF(J39="",",",", "))) | ... O65: =IF(O39="TERM","",IF(O39="NONE",REPT(" ",17),REPT(" ",15-LEN(O39))&O39))&IF(OR(O39="TERM",O39="NONE"),"",IF(P39="TERM","",IF(P39="",",",", "))) -> KC_INT1,
B66: =IF(B40="TERM","",IF(B40="NONE",REPT(" ",17),REPT(" ",15-LEN(B40))&B40))&IF(OR(B40="TERM",B40="NONE"),"",IF(C40="TERM","",IF(C40="",",",", "))) | C66: =IF(C40="TERM","",IF(C40="NONE",REPT(" ",17),REPT(" ",15-LEN(C40))&C40))&IF(OR(C40="TERM",C40="NONE"),"",IF(D40="TERM","",IF(D40="",",",", "))) | D66: =IF(D40="TERM","",IF(D40="NONE",REPT(" ",17),REPT(" ",15-LEN(D40))&D40))&IF(OR(D40="TERM",D40="NONE"),"",IF(E40="TERM","",IF(E40="",",",", "))) | E66: =IF(E40="TERM","",IF(E40="NONE",REPT(" ",17),REPT(" ",15-LEN(E40))&E40))&IF(OR(E40="TERM",E40="NONE"),"",IF(F40="TERM","",IF(F40="",",",", "))) | F66: =IF(F40="TERM","",IF(F40="NONE",REPT(" ",17),REPT(" ",15-LEN(F40))&F40))&IF(OR(F40="TERM",F40="NONE"),"",IF(G40="TERM","",IF(G40="",",",", "))) -> _______, | G66: =IF(G40="TERM","",IF(G40="NONE",REPT(" ",17),REPT(" ",15-LEN(G40))&G40))&IF(OR(G40="TERM",G40="NONE"),"",IF(H40="TERM","",IF(H40="",",",", "))) -> _______, | H66: =IF(H40="TERM","",IF(H40="NONE",REPT(" ",17),REPT(" ",15-LEN(H40))&H40))&IF(OR(H40="TERM",H40="NONE"),"",IF(I40="TERM","",IF(I40="",",",", "))) -> _______, | I66: =IF(I40="TERM","",IF(I40="NONE",REPT(" ",17),REPT(" ",15-LEN(I40))&I40))&IF(OR(I40="TERM",I40="NONE"),"",IF(J40="TERM","",IF(J40="",",",", "))) -> _______, | ... O66: =IF(O40="TERM","",IF(O40="NONE",REPT(" ",17),REPT(" ",15-LEN(O40))&O40))&IF(OR(O40="TERM",O40="NONE"),"",IF(P40="TERM","",IF(P40="",",",", ")))
A67: ADJUST | B67: =IF(B41="TERM","",IF(B41="NONE",REPT(" ",17),REPT(" ",15-LEN(B41))&B41))&IF(OR(B41="TERM",B41="NONE"),"",IF(C41="TERM","",IF(C41="",",",", "))) -> KC_ESC, | C67: =IF(C41="TERM","",IF(C41="NONE",REPT(" ",17),REPT(" ",15-LEN(C41))&C41))&IF(OR(C41="TERM",C41="NONE"),"",IF(D41="TERM","",IF(D41="",",",", "))) -> KC_Q, | D67: =IF(D41="TERM","",IF(D41="NONE",REPT(" ",17),REPT(" ",15-LEN(D41))&D41))&IF(OR(D41="TERM",D41="NONE"),"",IF(E41="TERM","",IF(E41="",",",", "))) -> KC_W, | E67: =IF(E41="TERM","",IF(E41="NONE",REPT(" ",17),REPT(" ",15-LEN(E41))&E41))&IF(OR(E41="TERM",E41="NONE"),"",IF(F41="TERM","",IF(F41="",",",", "))) -> KC_E, | F67: =IF(F41="TERM","",IF(F41="NONE",REPT(" ",17),REPT(" ",15-LEN(F41))&F41))&IF(OR(F41="TERM",F41="NONE"),"",IF(G41="TERM","",IF(G41="",",",", "))) -> KC_R, | G67: =IF(G41="TERM","",IF(G41="NONE",REPT(" ",17),REPT(" ",15-LEN(G41))&G41))&IF(OR(G41="TERM",G41="NONE"),"",IF(H41="TERM","",IF(H41="",",",", "))) -> KC_T, | H67: =IF(H41="TERM","",IF(H41="NONE",REPT(" ",17),REPT(" ",15-LEN(H41))&H41))&IF(OR(H41="TERM",H41="NONE"),"",IF(I41="TERM","",IF(I41="",",",", "))) | I67: =IF(I41="TERM","",IF(I41="NONE",REPT(" ",17),REPT(" ",15-LEN(I41))&I41))&IF(OR(I41="TERM",I41="NONE"),"",IF(J41="TERM","",IF(J41="",",",", "))) | ... O67: =IF(O41="TERM","",IF(O41="NONE",REPT(" ",17),REPT(" ",15-LEN(O41))&O41))&IF(OR(O41="TERM",O41="NONE"),"",IF(P41="TERM","",IF(P41="",",",", "))) -> KC_LBRC,
B68: =IF(B42="TERM","",IF(B42="NONE",REPT(" ",17),REPT(" ",15-LEN(B42))&B42))&IF(OR(B42="TERM",B42="NONE"),"",IF(C42="TERM","",IF(C42="",",",", "))) -> KC_TAB, | C68: =IF(C42="TERM","",IF(C42="NONE",REPT(" ",17),REPT(" ",15-LEN(C42))&C42))&IF(OR(C42="TERM",C42="NONE"),"",IF(D42="TERM","",IF(D42="",",",", "))) -> KC_A, | D68: =IF(D42="TERM","",IF(D42="NONE",REPT(" ",17),REPT(" ",15-LEN(D42))&D42))&IF(OR(D42="TERM",D42="NONE"),"",IF(E42="TERM","",IF(E42="",",",", "))) -> KC_S, | E68: =IF(E42="TERM","",IF(E42="NONE",REPT(" ",17),REPT(" ",15-LEN(E42))&E42))&IF(OR(E42="TERM",E42="NONE"),"",IF(F42="TERM","",IF(F42="",",",", "))) -> KC_D, | F68: =IF(F42="TERM","",IF(F42="NONE",REPT(" ",17),REPT(" ",15-LEN(F42))&F42))&IF(OR(F42="TERM",F42="NONE"),"",IF(G42="TERM","",IF(G42="",",",", "))) -> KC_F, | G68: =IF(G42="TERM","",IF(G42="NONE",REPT(" ",17),REPT(" ",15-LEN(G42))&G42))&IF(OR(G42="TERM",G42="NONE"),"",IF(H42="TERM","",IF(H42="",",",", "))) -> KC_G, | H68: =IF(H42="TERM","",IF(H42="NONE",REPT(" ",17),REPT(" ",15-LEN(H42))&H42))&IF(OR(H42="TERM",H42="NONE"),"",IF(I42="TERM","",IF(I42="",",",", "))) | I68: =IF(I42="TERM","",IF(I42="NONE",REPT(" ",17),REPT(" ",15-LEN(I42))&I42))&IF(OR(I42="TERM",I42="NONE"),"",IF(J42="TERM","",IF(J42="",",",", "))) | ... O68: =IF(O42="TERM","",IF(O42="NONE",REPT(" ",17),REPT(" ",15-LEN(O42))&O42))&IF(OR(O42="TERM",O42="NONE"),"",IF(P42="TERM","",IF(P42="",",",", "))) -> KC_QUOT,
B69: =IF(B43="TERM","",IF(B43="NONE",REPT(" ",17),REPT(" ",15-LEN(B43))&B43))&IF(OR(B43="TERM",B43="NONE"),"",IF(C43="TERM","",IF(C43="",",",", "))) -> _______, | C69: =IF(C43="TERM","",IF(C43="NONE",REPT(" ",17),REPT(" ",15-LEN(C43))&C43))&IF(OR(C43="TERM",C43="NONE"),"",IF(D43="TERM","",IF(D43="",",",", "))) -> KC_Z, | D69: =IF(D43="TERM","",IF(D43="NONE",REPT(" ",17),REPT(" ",15-LEN(D43))&D43))&IF(OR(D43="TERM",D43="NONE"),"",IF(E43="TERM","",IF(E43="",",",", "))) -> KC_X, | E69: =IF(E43="TERM","",IF(E43="NONE",REPT(" ",17),REPT(" ",15-LEN(E43))&E43))&IF(OR(E43="TERM",E43="NONE"),"",IF(F43="TERM","",IF(F43="",",",", "))) -> KC_C, | F69: =IF(F43="TERM","",IF(F43="NONE",REPT(" ",17),REPT(" ",15-LEN(F43))&F43))&IF(OR(F43="TERM",F43="NONE"),"",IF(G43="TERM","",IF(G43="",",",", "))) -> KC_V, | G69: =IF(G43="TERM","",IF(G43="NONE",REPT(" ",17),REPT(" ",15-LEN(G43))&G43))&IF(OR(G43="TERM",G43="NONE"),"",IF(H43="TERM","",IF(H43="",",",", "))) -> KC_B, | H69: =IF(H43="TERM","",IF(H43="NONE",REPT(" ",17),REPT(" ",15-LEN(H43))&H43))&IF(OR(H43="TERM",H43="NONE"),"",IF(I43="TERM","",IF(I43="",",",", "))) | I69: =IF(I43="TERM","",IF(I43="NONE",REPT(" ",17),REPT(" ",15-LEN(I43))&I43))&IF(OR(I43="TERM",I43="NONE"),"",IF(J43="TERM","",IF(J43="",",",", "))) | ... O69: =IF(O43="TERM","",IF(O43="NONE",REPT(" ",17),REPT(" ",15-LEN(O43))&O43))&IF(OR(O43="TERM",O43="NONE"),"",IF(P43="TERM","",IF(P43="",",",", "))) -> _______,
B70: =IF(B44="TERM","",IF(B44="NONE",REPT(" ",17),REPT(" ",15-LEN(B44))&B44))&IF(OR(B44="TERM",B44="NONE"),"",IF(C44="TERM","",IF(C44="",",",", "))) | C70: =IF(C44="TERM","",IF(C44="NONE",REPT(" ",17),REPT(" ",15-LEN(C44))&C44))&IF(OR(C44="TERM",C44="NONE"),"",IF(D44="TERM","",IF(D44="",",",", "))) | D70: =IF(D44="TERM","",IF(D44="NONE",REPT(" ",17),REPT(" ",15-LEN(D44))&D44))&IF(OR(D44="TERM",D44="NONE"),"",IF(E44="TERM","",IF(E44="",",",", "))) | E70: =IF(E44="TERM","",IF(E44="NONE",REPT(" ",17),REPT(" ",15-LEN(E44))&E44))&IF(OR(E44="TERM",E44="NONE"),"",IF(F44="TERM","",IF(F44="",",",", "))) | F70: =IF(F44="TERM","",IF(F44="NONE",REPT(" ",17),REPT(" ",15-LEN(F44))&F44))&IF(OR(F44="TERM",F44="NONE"),"",IF(G44="TERM","",IF(G44="",",",", "))) -> TG_R, | G70: =IF(G44="TERM","",IF(G44="NONE",REPT(" ",17),REPT(" ",15-LEN(G44))&G44))&IF(OR(G44="TERM",G44="NONE"),"",IF(H44="TERM","",IF(H44="",",",", "))) -> KC_SPC, | H70: =IF(H44="TERM","",IF(H44="NONE",REPT(" ",17),REPT(" ",15-LEN(H44))&H44))&IF(OR(H44="TERM",H44="NONE"),"",IF(I44="TERM","",IF(I44="",",",", "))) -> MO_RA, | I70: =IF(I44="TERM","",IF(I44="NONE",REPT(" ",17),REPT(" ",15-LEN(I44))&I44))&IF(OR(I44="TERM",I44="NONE"),"",IF(J44="TERM","",IF(J44="",",",", "))) -> MO_LA, | ... O70: =IF(O44="TERM","",IF(O44="NONE",REPT(" ",17),REPT(" ",15-LEN(O44))&O44))&IF(OR(O44="TERM",O44="NONE"),"",IF(P44="TERM","",IF(P44="",",",", ")))
A71: LOWER_ADJUST | B71: =IF(B45="TERM","",IF(B45="NONE",REPT(" ",17),REPT(" ",15-LEN(B45))&B45))&IF(OR(B45="TERM",B45="NONE"),"",IF(C45="TERM","",IF(C45="",",",", "))) -> XXXXXXX, | C71: =IF(C45="TERM","",IF(C45="NONE",REPT(" ",17),REPT(" ",15-LEN(C45))&C45))&IF(OR(C45="TERM",C45="NONE"),"",IF(D45="TERM","",IF(D45="",",",", "))) -> S(KC_1), | D71: =IF(D45="TERM","",IF(D45="NONE",REPT(" ",17),REPT(" ",15-LEN(D45))&D45))&IF(OR(D45="TERM",D45="NONE"),"",IF(E45="TERM","",IF(E45="",",",", "))) -> S(KC_2), | E71: =IF(E45="TERM","",IF(E45="NONE",REPT(" ",17),REPT(" ",15-LEN(E45))&E45))&IF(OR(E45="TERM",E45="NONE"),"",IF(F45="TERM","",IF(F45="",",",", "))) -> S(KC_3), | F71: =IF(F45="TERM","",IF(F45="NONE",REPT(" ",17),REPT(" ",15-LEN(F45))&F45))&IF(OR(F45="TERM",F45="NONE"),"",IF(G45="TERM","",IF(G45="",",",", "))) -> S(KC_4), | G71: =IF(G45="TERM","",IF(G45="NONE",REPT(" ",17),REPT(" ",15-LEN(G45))&G45))&IF(OR(G45="TERM",G45="NONE"),"",IF(H45="TERM","",IF(H45="",",",", "))) -> S(KC_5), | H71: =IF(H45="TERM","",IF(H45="NONE",REPT(" ",17),REPT(" ",15-LEN(H45))&H45))&IF(OR(H45="TERM",H45="NONE"),"",IF(I45="TERM","",IF(I45="",",",", "))) | I71: =IF(I45="TERM","",IF(I45="NONE",REPT(" ",17),REPT(" ",15-LEN(I45))&I45))&IF(OR(I45="TERM",I45="NONE"),"",IF(J45="TERM","",IF(J45="",",",", "))) | ... O71: =IF(O45="TERM","",IF(O45="NONE",REPT(" ",17),REPT(" ",15-LEN(O45))&O45))&IF(OR(O45="TERM",O45="NONE"),"",IF(P45="TERM","",IF(P45="",",",", "))) -> S(KC_LBRC),
B72: =IF(B46="TERM","",IF(B46="NONE",REPT(" ",17),REPT(" ",15-LEN(B46))&B46))&IF(OR(B46="TERM",B46="NONE"),"",IF(C46="TERM","",IF(C46="",",",", "))) -> XXXXXXX, | C72: =IF(C46="TERM","",IF(C46="NONE",REPT(" ",17),REPT(" ",15-LEN(C46))&C46))&IF(OR(C46="TERM",C46="NONE"),"",IF(D46="TERM","",IF(D46="",",",", "))) -> XXXXXXX, | D72: =IF(D46="TERM","",IF(D46="NONE",REPT(" ",17),REPT(" ",15-LEN(D46))&D46))&IF(OR(D46="TERM",D46="NONE"),"",IF(E46="TERM","",IF(E46="",",",", "))) -> KC_HOME, | E72: =IF(E46="TERM","",IF(E46="NONE",REPT(" ",17),REPT(" ",15-LEN(E46))&E46))&IF(OR(E46="TERM",E46="NONE"),"",IF(F46="TERM","",IF(F46="",",",", "))) -> KC_PGUP, | F72: =IF(F46="TERM","",IF(F46="NONE",REPT(" ",17),REPT(" ",15-LEN(F46))&F46))&IF(OR(F46="TERM",F46="NONE"),"",IF(G46="TERM","",IF(G46="",",",", "))) -> KC_PGDN, | G72: =IF(G46="TERM","",IF(G46="NONE",REPT(" ",17),REPT(" ",15-LEN(G46))&G46))&IF(OR(G46="TERM",G46="NONE"),"",IF(H46="TERM","",IF(H46="",",",", "))) -> KC_END, | H72: =IF(H46="TERM","",IF(H46="NONE",REPT(" ",17),REPT(" ",15-LEN(H46))&H46))&IF(OR(H46="TERM",H46="NONE"),"",IF(I46="TERM","",IF(I46="",",",", "))) | I72: =IF(I46="TERM","",IF(I46="NONE",REPT(" ",17),REPT(" ",15-LEN(I46))&I46))&IF(OR(I46="TERM",I46="NONE"),"",IF(J46="TERM","",IF(J46="",",",", "))) | ... O72: =IF(O46="TERM","",IF(O46="NONE",REPT(" ",17),REPT(" ",15-LEN(O46))&O46))&IF(OR(O46="TERM",O46="NONE"),"",IF(P46="TERM","",IF(P46="",",",", "))) -> KC_MINS,
B73: =IF(B47="TERM","",IF(B47="NONE",REPT(" ",17),REPT(" ",15-LEN(B47))&B47))&IF(OR(B47="TERM",B47="NONE"),"",IF(C47="TERM","",IF(C47="",",",", "))) -> _______, | C73: =IF(C47="TERM","",IF(C47="NONE",REPT(" ",17),REPT(" ",15-LEN(C47))&C47))&IF(OR(C47="TERM",C47="NONE"),"",IF(D47="TERM","",IF(D47="",",",", "))) -> KC_LALT, | D73: =IF(D47="TERM","",IF(D47="NONE",REPT(" ",17),REPT(" ",15-LEN(D47))&D47))&IF(OR(D47="TERM",D47="NONE"),"",IF(E47="TERM","",IF(E47="",",",", "))) -> XXXXXXX, | E73: =IF(E47="TERM","",IF(E47="NONE",REPT(" ",17),REPT(" ",15-LEN(E47))&E47))&IF(OR(E47="TERM",E47="NONE"),"",IF(F47="TERM","",IF(F47="",",",", "))) -> XXXXXXX, | F73: =IF(F47="TERM","",IF(F47="NONE",REPT(" ",17),REPT(" ",15-LEN(F47))&F47))&IF(OR(F47="TERM",F47="NONE"),"",IF(G47="TERM","",IF(G47="",",",", "))) -> KC_INT5, | G73: =IF(G47="TERM","",IF(G47="NONE",REPT(" ",17),REPT(" ",15-LEN(G47))&G47))&IF(OR(G47="TERM",G47="NONE"),"",IF(H47="TERM","",IF(H47="",",",", "))) -> KC_BSPC, | H73: =IF(H47="TERM","",IF(H47="NONE",REPT(" ",17),REPT(" ",15-LEN(H47))&H47))&IF(OR(H47="TERM",H47="NONE"),"",IF(I47="TERM","",IF(I47="",",",", "))) | I73: =IF(I47="TERM","",IF(I47="NONE",REPT(" ",17),REPT(" ",15-LEN(I47))&I47))&IF(OR(I47="TERM",I47="NONE"),"",IF(J47="TERM","",IF(J47="",",",", "))) | ... O73: =IF(O47="TERM","",IF(O47="NONE",REPT(" ",17),REPT(" ",15-LEN(O47))&O47))&IF(OR(O47="TERM",O47="NONE"),"",IF(P47="TERM","",IF(P47="",",",", "))) -> S(KC_INT3),
B74: =IF(B48="TERM","",IF(B48="NONE",REPT(" ",17),REPT(" ",15-LEN(B48))&B48))&IF(OR(B48="TERM",B48="NONE"),"",IF(C48="TERM","",IF(C48="",",",", "))) | C74: =IF(C48="TERM","",IF(C48="NONE",REPT(" ",17),REPT(" ",15-LEN(C48))&C48))&IF(OR(C48="TERM",C48="NONE"),"",IF(D48="TERM","",IF(D48="",",",", "))) | D74: =IF(D48="TERM","",IF(D48="NONE",REPT(" ",17),REPT(" ",15-LEN(D48))&D48))&IF(OR(D48="TERM",D48="NONE"),"",IF(E48="TERM","",IF(E48="",",",", "))) | E74: =IF(E48="TERM","",IF(E48="NONE",REPT(" ",17),REPT(" ",15-LEN(E48))&E48))&IF(OR(E48="TERM",E48="NONE"),"",IF(F48="TERM","",IF(F48="",",",", "))) | F74: =IF(F48="TERM","",IF(F48="NONE",REPT(" ",17),REPT(" ",15-LEN(F48))&F48))&IF(OR(F48="TERM",F48="NONE"),"",IF(G48="TERM","",IF(G48="",",",", "))) -> _______, | G74: =IF(G48="TERM","",IF(G48="NONE",REPT(" ",17),REPT(" ",15-LEN(G48))&G48))&IF(OR(G48="TERM",G48="NONE"),"",IF(H48="TERM","",IF(H48="",",",", "))) -> _______, | H74: =IF(H48="TERM","",IF(H48="NONE",REPT(" ",17),REPT(" ",15-LEN(H48))&H48))&IF(OR(H48="TERM",H48="NONE"),"",IF(I48="TERM","",IF(I48="",",",", "))) -> _______, | I74: =IF(I48="TERM","",IF(I48="NONE",REPT(" ",17),REPT(" ",15-LEN(I48))&I48))&IF(OR(I48="TERM",I48="NONE"),"",IF(J48="TERM","",IF(J48="",",",", "))) -> _______, | ... O74: =IF(O48="TERM","",IF(O48="NONE",REPT(" ",17),REPT(" ",15-LEN(O48))&O48))&IF(OR(O48="TERM",O48="NONE"),"",IF(P48="TERM","",IF(P48="",",",", ")))
A75: RAISE_ADJUST | B75: =IF(B49="TERM","",IF(B49="NONE",REPT(" ",17),REPT(" ",15-LEN(B49))&B49))&IF(OR(B49="TERM",B49="NONE"),"",IF(C49="TERM","",IF(C49="",",",", "))) -> KC_F1, | C75: =IF(C49="TERM","",IF(C49="NONE",REPT(" ",17),REPT(" ",15-LEN(C49))&C49))&IF(OR(C49="TERM",C49="NONE"),"",IF(D49="TERM","",IF(D49="",",",", "))) -> KC_F2, | D75: =IF(D49="TERM","",IF(D49="NONE",REPT(" ",17),REPT(" ",15-LEN(D49))&D49))&IF(OR(D49="TERM",D49="NONE"),"",IF(E49="TERM","",IF(E49="",",",", "))) -> KC_F3, | E75: =IF(E49="TERM","",IF(E49="NONE",REPT(" ",17),REPT(" ",15-LEN(E49))&E49))&IF(OR(E49="TERM",E49="NONE"),"",IF(F49="TERM","",IF(F49="",",",", "))) -> KC_F4, | F75: =IF(F49="TERM","",IF(F49="NONE",REPT(" ",17),REPT(" ",15-LEN(F49))&F49))&IF(OR(F49="TERM",F49="NONE"),"",IF(G49="TERM","",IF(G49="",",",", "))) -> KC_F5, | G75: =IF(G49="TERM","",IF(G49="NONE",REPT(" ",17),REPT(" ",15-LEN(G49))&G49))&IF(OR(G49="TERM",G49="NONE"),"",IF(H49="TERM","",IF(H49="",",",", "))) -> KC_F6, | H75: =IF(H49="TERM","",IF(H49="NONE",REPT(" ",17),REPT(" ",15-LEN(H49))&H49))&IF(OR(H49="TERM",H49="NONE"),"",IF(I49="TERM","",IF(I49="",",",", "))) | I75: =IF(I49="TERM","",IF(I49="NONE",REPT(" ",17),REPT(" ",15-LEN(I49))&I49))&IF(OR(I49="TERM",I49="NONE"),"",IF(J49="TERM","",IF(J49="",",",", "))) | ... O75: =IF(O49="TERM","",IF(O49="NONE",REPT(" ",17),REPT(" ",15-LEN(O49))&O49))&IF(OR(O49="TERM",O49="NONE"),"",IF(P49="TERM","",IF(P49="",",",", "))) -> KC_F12,
B76: =IF(B50="TERM","",IF(B50="NONE",REPT(" ",17),REPT(" ",15-LEN(B50))&B50))&IF(OR(B50="TERM",B50="NONE"),"",IF(C50="TERM","",IF(C50="",",",", "))) -> XXXXXXX, | C76: =IF(C50="TERM","",IF(C50="NONE",REPT(" ",17),REPT(" ",15-LEN(C50))&C50))&IF(OR(C50="TERM",C50="NONE"),"",IF(D50="TERM","",IF(D50="",",",", "))) -> KC_1, | D76: =IF(D50="TERM","",IF(D50="NONE",REPT(" ",17),REPT(" ",15-LEN(D50))&D50))&IF(OR(D50="TERM",D50="NONE"),"",IF(E50="TERM","",IF(E50="",",",", "))) -> KC_2, | E76: =IF(E50="TERM","",IF(E50="NONE",REPT(" ",17),REPT(" ",15-LEN(E50))&E50))&IF(OR(E50="TERM",E50="NONE"),"",IF(F50="TERM","",IF(F50="",",",", "))) -> KC_3, | F76: =IF(F50="TERM","",IF(F50="NONE",REPT(" ",17),REPT(" ",15-LEN(F50))&F50))&IF(OR(F50="TERM",F50="NONE"),"",IF(G50="TERM","",IF(G50="",",",", "))) -> KC_4, | G76: =IF(G50="TERM","",IF(G50="NONE",REPT(" ",17),REPT(" ",15-LEN(G50))&G50))&IF(OR(G50="TERM",G50="NONE"),"",IF(H50="TERM","",IF(H50="",",",", "))) -> KC_5, | H76: =IF(H50="TERM","",IF(H50="NONE",REPT(" ",17),REPT(" ",15-LEN(H50))&H50))&IF(OR(H50="TERM",H50="NONE"),"",IF(I50="TERM","",IF(I50="",",",", "))) | I76: =IF(I50="TERM","",IF(I50="NONE",REPT(" ",17),REPT(" ",15-LEN(I50))&I50))&IF(OR(I50="TERM",I50="NONE"),"",IF(J50="TERM","",IF(J50="",",",", "))) | ... O76: =IF(O50="TERM","",IF(O50="NONE",REPT(" ",17),REPT(" ",15-LEN(O50))&O50))&IF(OR(O50="TERM",O50="NONE"),"",IF(P50="TERM","",IF(P50="",",",", "))) -> _______,
B77: =IF(B51="TERM","",IF(B51="NONE",REPT(" ",17),REPT(" ",15-LEN(B51))&B51))&IF(OR(B51="TERM",B51="NONE"),"",IF(C51="TERM","",IF(C51="",",",", "))) -> _______, | C77: =IF(C51="TERM","",IF(C51="NONE",REPT(" ",17),REPT(" ",15-LEN(C51))&C51))&IF(OR(C51="TERM",C51="NONE"),"",IF(D51="TERM","",IF(D51="",",",", "))) -> _______, | D77: =IF(D51="TERM","",IF(D51="NONE",REPT(" ",17),REPT(" ",15-LEN(D51))&D51))&IF(OR(D51="TERM",D51="NONE"),"",IF(E51="TERM","",IF(E51="",",",", "))) -> KC_VOLD, | E77: =IF(E51="TERM","",IF(E51="NONE",REPT(" ",17),REPT(" ",15-LEN(E51))&E51))&IF(OR(E51="TERM",E51="NONE"),"",IF(F51="TERM","",IF(F51="",",",", "))) -> KC_VOLU, | F77: =IF(F51="TERM","",IF(F51="NONE",REPT(" ",17),REPT(" ",15-LEN(F51))&F51))&IF(OR(F51="TERM",F51="NONE"),"",IF(G51="TERM","",IF(G51="",",",", "))) -> _______, | G77: =IF(G51="TERM","",IF(G51="NONE",REPT(" ",17),REPT(" ",15-LEN(G51))&G51))&IF(OR(G51="TERM",G51="NONE"),"",IF(H51="TERM","",IF(H51="",",",", "))) -> _______, | H77: =IF(H51="TERM","",IF(H51="NONE",REPT(" ",17),REPT(" ",15-LEN(H51))&H51))&IF(OR(H51="TERM",H51="NONE"),"",IF(I51="TERM","",IF(I51="",",",", "))) | I77: =IF(I51="TERM","",IF(I51="NONE",REPT(" ",17),REPT(" ",15-LEN(I51))&I51))&IF(OR(I51="TERM",I51="NONE"),"",IF(J51="TERM","",IF(J51="",",",", "))) | ... O77: =IF(O51="TERM","",IF(O51="NONE",REPT(" ",17),REPT(" ",15-LEN(O51))&O51))&IF(OR(O51="TERM",O51="NONE"),"",IF(P51="TERM","",IF(P51="",",",", "))) -> KC_INT1,
B78: =IF(B52="TERM","",IF(B52="NONE",REPT(" ",17),REPT(" ",15-LEN(B52))&B52))&IF(OR(B52="TERM",B52="NONE"),"",IF(C52="TERM","",IF(C52="",",",", "))) | C78: =IF(C52="TERM","",IF(C52="NONE",REPT(" ",17),REPT(" ",15-LEN(C52))&C52))&IF(OR(C52="TERM",C52="NONE"),"",IF(D52="TERM","",IF(D52="",",",", "))) | D78: =IF(D52="TERM","",IF(D52="NONE",REPT(" ",17),REPT(" ",15-LEN(D52))&D52))&IF(OR(D52="TERM",D52="NONE"),"",IF(E52="TERM","",IF(E52="",",",", "))) | E78: =IF(E52="TERM","",IF(E52="NONE",REPT(" ",17),REPT(" ",15-LEN(E52))&E52))&IF(OR(E52="TERM",E52="NONE"),"",IF(F52="TERM","",IF(F52="",",",", "))) | F78: =IF(F52="TERM","",IF(F52="NONE",REPT(" ",17),REPT(" ",15-LEN(F52))&F52))&IF(OR(F52="TERM",F52="NONE"),"",IF(G52="TERM","",IF(G52="",",",", "))) -> _______, | G78: =IF(G52="TERM","",IF(G52="NONE",REPT(" ",17),REPT(" ",15-LEN(G52))&G52))&IF(OR(G52="TERM",G52="NONE"),"",IF(H52="TERM","",IF(H52="",",",", "))) -> _______, | H78: =IF(H52="TERM","",IF(H52="NONE",REPT(" ",17),REPT(" ",15-LEN(H52))&H52))&IF(OR(H52="TERM",H52="NONE"),"",IF(I52="TERM","",IF(I52="",",",", "))) -> _______, | I78: =IF(I52="TERM","",IF(I52="NONE",REPT(" ",17),REPT(" ",15-LEN(I52))&I52))&IF(OR(I52="TERM",I52="NONE"),"",IF(J52="TERM","",IF(J52="",",",", "))) -> _______, | ... O78: =IF(O52="TERM","",IF(O52="NONE",REPT(" ",17),REPT(" ",15-LEN(O52))&O52))&IF(OR(O52="TERM",O52="NONE"),"",IF(P52="TERM","",IF(P52="",",",", ")))
B81: [_QWERTY] = LAYOUT_split_3x6_3(
A82: DEFAULT | B82: =B55&C55&D55&E55&F55&G55&H55&I55&J55&K55&L55&M55&N55&O55 -> KC_ESC, KC_Q, KC_W, KC_E, KC_R, KC_T, KC_Y, KC_U, KC_I, KC_O, KC_P, KC_LBRC,
B83: =B56&C56&D56&E56&F56&G56&H56&I56&J56&K56&L56&M56&N56&O56 -> KC_TAB, KC_A, KC_S, KC_D, KC_F, KC_G, KC_H, KC_J, KC_K, KC_L, KC_SCLN, KC_QUOT,
B84: =B57&C57&D57&E57&F57&G57&H57&I57&J57&K57&L57&M57&N57&O57 -> KC_LCTL, KC_Z, KC_X, KC_C, KC_V, KC_B, KC_N, KC_M, KC_COMM, KC_DOT, KC_SLSH, KC_INT1,
B85: =B58&C58&D58&E58&F58&G58&H58&I58&J58&K58&L58&M58&N58&O58 -> TG_R, MO_R, LSFT_SPC, RSTF_ENT, MO_L, TG_L
B86: =IF(B87<>"","),",")") -> ),
B87: [_LOWER] = LAYOUT_split_3x6_3(
A88: LOWER | B88: =B59&C59&D59&E59&F59&G59&H59&I59&J59&K59&L59&M59&N59&O59 -> KC_APP, S(KC_1), S(KC_2), S(KC_3), S(KC_4), S(KC_5), S(KC_6), S(KC_7), S(KC_8), S(KC_9), XXXXXXX, S(KC_LBRC),
B89: =B60&C60&D60&E60&F60&G60&H60&I60&J60&K60&L60&M60&N60&O60 -> KC_LGUI, XXXXXXX, KC_HOME, KC_PGUP, KC_PGDN, KC_END, KC_LEFT, KC_DOWN, KC_UP, KC_RGHT, KC_EQL, KC_MINS,
B90: =B61&C61&D61&E61&F61&G61&H61&I61&J61&K61&L61&M61&N61&O61 -> _______, KC_LALT, XXXXXXX, XXXXXXX, KC_INT5, KC_BSPC, KC_DEL, KC_INT4, KC_RBRC, KC_BSLS, S(KC_EQL), S(KC_INT3),
B91: =B62&C62&D62&E62&F62&G62&H62&I62&J62&K62&L62&M62&N62&O62 -> _______, _______, _______, _______, _______, _______
B92: =IF(B93<>"","),",")") -> ),
B93: [_RAISE] = LAYOUT_split_3x6_3(
A94: RAISE | B94: =B63&C63&D63&E63&F63&G63&H63&I63&J63&K63&L63&M63&N63&O63 -> KC_F1, KC_F2, KC_F3, KC_F4, KC_F5, KC_F6, KC_F7, KC_F8, KC_F9, KC_F10, KC_F11, KC_F12,
B95: =B64&C64&D64&E64&F64&G64&H64&I64&J64&K64&L64&M64&N64&O64 -> KC_GRV, KC_1, KC_2, KC_3, KC_4, KC_5, KC_6, KC_7, KC_8, KC_9, KC_0, _______,
B96: =B65&C65&D65&E65&F65&G65&H65&I65&J65&K65&L65&M65&N65&O65 -> _______, _______, MS_WHLL, MS_WHLR, _______, _______, _______, _______, KC_COMM, KC_DOT, KC_SLSH, KC_INT1,
B97: =B66&C66&D66&E66&F66&G66&H66&I66&J66&K66&L66&M66&N66&O66 -> _______, _______, _______, _______, _______, _______
B98: =IF(B99<>"","),",")") -> ),
B99: [_ADJUST] = LAYOUT_split_3x6_3(
A100: ADJUST | B100: =B67&C67&D67&E67&F67&G67&H67&I67&J67&K67&L67&M67&N67&O67 -> KC_ESC, KC_Q, KC_W, KC_E, KC_R, KC_T, KC_Y, KC_U, KC_I, KC_O, KC_P, KC_LBRC,
B101: =B68&C68&D68&E68&F68&G68&H68&I68&J68&K68&L68&M68&N68&O68 -> KC_TAB, KC_A, KC_S, KC_D, KC_F, KC_G, KC_H, KC_J, KC_K, KC_L, KC_SCLN, KC_QUOT,
B102: =B69&C69&D69&E69&F69&G69&H69&I69&J69&K69&L69&M69&N69&O69 -> _______, KC_Z, KC_X, KC_C, KC_V, KC_B, KC_N, KC_M, _______, _______, _______, _______,
B103: =B70&C70&D70&E70&F70&G70&H70&I70&J70&K70&L70&M70&N70&O70 -> TG_R, KC_SPC, MO_RA, MO_LA, KC_ENT, TG_L
B104: =IF(B105<>"","),",")") -> ),
B105: [_LOWER_ADJUST] = LAYOUT_split_3x6_3(
A106: LOWER_ADJUST | B106: =B71&C71&D71&E71&F71&G71&H71&I71&J71&K71&L71&M71&N71&O71 -> XXXXXXX, S(KC_1), S(KC_2), S(KC_3), S(KC_4), S(KC_5), S(KC_6), S(KC_7), S(KC_8), S(KC_9), XXXXXXX, S(KC_LBRC),
B107: =B72&C72&D72&E72&F72&G72&H72&I72&J72&K72&L72&M72&N72&O72 -> XXXXXXX, XXXXXXX, KC_HOME, KC_PGUP, KC_PGDN, KC_END, KC_LEFT, KC_DOWN, KC_UP, KC_RGHT, KC_EQL, KC_MINS,
...
