Workbook

Sheet keycodes
A1: 日本語キー | B1: 英語キー | C1: キーコード | D1: 備考 | E1: キーコードエイリアス
A2: NOOP | B2: NOOP | C2: XXXXXXX
A3: Transparent | B3: Transparent | C3: _______
A4: A | B4: A | C4: KC_A
A5: B | B5: B | C5: KC_B
A6: C | B6: C | C6: KC_C
A7: D | B7: D | C7: KC_D
A8: E | B8: E | C8: KC_E
A9: F | B9: F | C9: KC_F
A10: G | B10: G | C10: KC_G
A11: H | B11: H | C11: KC_H
A12: I | B12: I | C12: KC_I
A13: J | B13: J | C13: KC_J
... A29: Z | B29: Z | C29: KC_Z
A30: 1 | B30: 1 | C30: KC_1
A31: 2 | B31: 2 | C31: KC_2
A32: 3 | B32: 3 | C32: KC_3
A33: 4 | B33: 4 | C33: KC_4
A34: 5 | B34: 5 | C34: KC_5
A35: 6 | B35: 6 | C35: KC_6
A36: 7 | B36: 7 | C36: KC_7
A37: 8 | B37: 8 | C37: KC_8
A38: 9 | B38: 9 | C38: KC_9
A39: 0 | B39: 0 | C39: KC_0
A40: F1 | B40: F1 | C40: KC_F1
A41: F2 | B41: F2 | C41: KC_F2
A42: F3 | B42: F3 | C42: KC_F3
A43: F4 | B43: F4 | C43: KC_F4
A44: F5 | B44: F5 | C44: KC_F5
A45: F6 | B45: F6 | C45: KC_F6
A46: F7 | B46: F7 | C46: KC_F7
A47: F8 | B47: F8 | C47: KC_F8
A48: F9 | B48: F9 | C48: KC_F9
A49: F10 | B49: F10 | C49: KC_F10
A50: F11 | B50: F11 | C50: KC_F11
A51: F12 | B51: F12 | C51: KC_F12
... A68: Left Alt | B68: Left Alt | C68: KC_LALT
A69: Left GUI | B69: Left GUI | C69: KC_LGUI | D69: Windows
A70: Right Control | B70: Right Control | C70: KC_RCTL
A71: Right Shift | B71: Right Shift | C71: KC_RSFT
A72: Right Alt | B72: Right Alt | C72: KC_RALT
A73: Right GUI | B73: Right GUI | C73: KC_RGUI | D73: Windows
A74: APP | B74: APP | C74: KC_APP | D74: コンテキスト
A75: - | B75: - | C75: KC_MINS
A76: @ | B76: [ | C76: KC_LBRC
A77: ; | B77: ; | C77: KC_SCLN
A78: : | B78: ' | C78: KC_QUOT
A79: , | B79: , | C79: KC_COMM
A80: . | B80: . | C80: KC_DOT
A81: / | B81: / | C81: KC_SLSH
A82: \ | C82: KC_RO | D82: アンダースコア | E82: KC_INT1
A83: [ | B83: ] | C83: KC_RBRC
A84: ] | B84: \ | C84: KC_BSLS
A85: ^ | B85: = | C85: KC_EQL
A86: \ | C86: KC_JYEN | D86: パイプ | E86: KC_INT3
A87: 半角/全角 | C87: KC_GRV
A88: 無変換 | C88: KC_MHEN | E88: KC_INT5
A89: 変換 | C89: KC_HENK | E89: KC_INT4
A90: Volume Up | B90: Volume Up | C90: KC_VOLU
A91: Volume Down | B91: Volume Down | C91: KC_VOLD
A92: その他
A93: 日本語キー | B93: 英語キー | C93: キーコード | D93: 備考
A94: Print Screen | B94: Print Screen | C94: KC_PSCR
A95: Windows Context | B95: Windows Context | C95: KC_APP
A96: Menu | B96: Menu | C96: KC_MENU
A97: Select | B97: Select | C97: KC_SLCT
A98: Stop | B98: Stop | C98: KC_STOP
A99: Again | B99: Again | C99: KC_AGIN
A100: Undo | B100: Undo | C100: KC_UNDO
A101: Cut | B101: Cut | C101: KC_CUT
A102: Copy | B102: Copy | C102: KC_COPY
A103: Paste | B103: Paste | C103: KC_PSTE
A104: Find | B104: Find | C104: KC_FIND
A105: C Undo | B105: C Undo | C105: C(KC_Z)
... A109: C Find | B109: C Find | C109: C(KC_F)
A110: S ! | C110: S(KC_1)
A111: S " | C111: S(KC_2)
A112: S # | C112: S(KC_3)
A113: S $ | C113: S(KC_4)
A114: S % | C114: S(KC_5)
A115: S & | C115: S(KC_6)
A116: S ' | C116: S(KC_7)
A117: S ( | C117: S(KC_8)
A118: S ) | C118: S(KC_9)
A119: S = | C119: S(KC_MINS)
A120: S Tilde | C120: S(KC_EQL) | D120: ~
A121: S | | C121: S(KC_JYEN) | E121: S(KC_INT3)
A122: S ` | C122: S(KC_LBRC)
A123: S + | C123: S(KC_SCLN)
A124: S Ast | C124: S(KC_QUOT) | D124: *
A125: S < | C125: S(KC_COMM)
A126: S > | C126: S(KC_DOT)
A127: S Ques | C127: S(KC_SLSH) | D127: ?
A128: S _ | C128: S(KC_RO) | E128: S(KC_INT1)
A129: S { | C129: S(KC_RBRC)
A130: S } | C130: S(KC_BSLS)
A131: W < | C131: SGUI(KC_LEFT) | D131: アクティブウィンドウを左のディスプレイへ移動
A132: W > | C132: SGUI(KC_RIGHT) | D132: アクティブウィンドウを右のディスプレイへ移動
A133: TERM | B133: TERM | C133: TERM | D133: レイアウト定義の末尾
A134: NONE | B134: NONE | C134: NONE | D134: キーが存在しないセル
...

Sheet yoc2
B1: Japanese
A3: DEFAULT | B3: Esc | C3: 1 | D3: 2 | E3: 3 | F3: 4 | G3: 5 | H3: NONE | I3: NONE | J3: 6 | K3: 7 | L3: 8 | M3: 9 | N3: 0 | O3: -
B4: Left Alt | C4: Q | D4: W | E4: E | F4: R | G4: T | H4: NONE | I4: NONE | J4: Y | K4: U | L4: I | M4: O | N4: P | O4: @
B5: Tab | C5: A | D5: S | E5: D | F5: F | G5: G | H5: NONE | I5: NONE | J5: H | K5: J | L5: K | M5: L | N5: ; | O5: :
B6: Left Control | C6: Z | D6: X | E6: C | F6: V | G6: B | H6: Backspace | I6: Delete | J6: N | K6: M | L6: , | M6: . | N6: / | O6: \
B7: NONE | C7: NONE | D7: NONE | E7: Left GUI | F7: ToggleRaise | G7: MoRaise | H7: Shift & Space | I7: Shift & Enter | J7: MoLower | K7: ToggleLower | L7: APP | M7: TERM | N7: TERM | O7: TERM
A8: LOWER | B8: Transparent | C8: Transparent | D8: Transparent | E8: Transparent | F8: Transparent | G8: Transparent | H8: NONE | I8: NONE | J8: Transparent | K8: Transparent | L8: Transparent | M8: Transparent | N8: Transparent | O8: Transparent
B9: APP | C9: S ! | D9: S " | E9: S # | F9: S $ | G9: S % | H9: NONE | I9: NONE | J9: S & | K9: S ' | L9: S ( | M9: S )
B10: Left GUI | D10: Home | E10: Page Up | F10: Page Down | G10: End | H10: NONE | I10: NONE | J10: Left Arrow | K10: Down Arrow | L10: Up Arrow | M10: Right Arrow | N10: ^ | O10: -
B11: Transparent | C11: Left Alt | F11: 無変換 | G11: Backspace | H11: Transparent | I11: Transparent | J11: Delete | K11: 変換 | L11: [ | M11: ] | N11: S Tilde | O11: S |
B12: NONE | C12: NONE | D12: NONE | E12: Transparent | F12: Transparent | G12: Transparent | H12: Transparent | I12: Transparent | J12: Transparent | K12: Transparent | L12: Transparent | M12: TERM | N12: TERM | O12: TERM
A13: RAISE | B13: F1 | C13: F2 | D13: F3 | E13: F4 | F13: F5 | G13: F6 | H13: NONE | I13: NONE | J13: F7 | K13: F8 | L13: F9 | M13: F10 | N13: F11 | O13: F12
H14: NONE | I14: NONE
B15: 半角/全角 | C15: 1 | D15: 2 | E15: 3 | F15: 4 | G15: 5 | H15: NONE | I15: NONE | J15: 6 | K15: 7 | L15: 8 | M15: 9 | N15: 0 | O15: Transparent
B16: Transparent | C16: Transparent | D16: Wheel Left | E16: Wheel Right | F16: Transparent | G16: Transparent | H16: Transparent | I16: Transparent | J16: Transparent | K16: Transparent | L16: , | M16: . | N16: / | O16: \
B17: NONE | C17: NONE | D17: NONE | E17: Transparent | F17: Transparent | G17: Transparent | H17: Transparent | I17: Transparent | J17: Transparent | K17: Transparent | L17: Transparent | M17: TERM | N17: TERM | O17: TERM
A18: ADJUST | B18: Esc | C18: 1 | D18: 2 | E18: 3 | F18: 4 | G18: 5 | H18: NONE | I18: NONE | J18: 6 | K18: 7 | L18: 8 | M18: 9 | N18: 0 | O18: -
B19: Tab | C19: Q | D19: W | E19: E | F19: R | G19: T | H19: NONE | I19: NONE | J19: Y | K19: U | L19: I | M19: O | N19: P | O19: @
B20: Left Control | C20: A | D20: S | E20: D | F20: F | G20: G | H20: NONE | I20: NONE | J20: H | K20: J | L20: K | M20: L | N20: ; | O20: :
B21: Left Shift | C21: Z | D21: X | E21: C | F21: V | G21: B | H21: Transparent | I21: Transparent | J21: N | K21: M | L21: Transparent | M21: Transparent | N21: Transparent | O21: Transparent
B22: NONE | C22: NONE | D22: NONE | E22: Transparent | F22: ToggleRaise | G22: Space | H22: MoRaiseAdjust | I22: MoLowerAdjust | J22: Enter | K22: ToggleLower | L22: Transparent | M22: TERM | N22: TERM | O22: TERM
A23: LOWER_ADJUST | B23: Transparent | C23: Transparent | D23: Transparent | E23: Transparent | F23: Transparent | G23: Transparent | H23: NONE | I23: NONE | J23: Transparent | K23: Transparent | L23: Transparent | M23: Transparent | N23: Transparent | O23: Transparent
C24: S ! | D24: S " | E24: S # | F24: S $ | G24: S % | H24: NONE | I24: NONE | J24: S & | K24: S ' | L24: S ( | M24: S )
D25: Home | E25: Page Up | F25: Page Down | G25: End | H25: NONE | I25: NONE | J25: Left Arrow | K25: Down Arrow | L25: Up Arrow | M25: Right Arrow | N25: ^ | O25: -
B26: Left Control | C26: Left Alt | F26: 無変換 | G26: Backspace | H26: Transparent | I26: Transparent | J26: Delete | K26: 変換 | L26: [ | M26: ] | N26: S Tilde | O26: S |
B27: NONE | C27: NONE | D27: NONE | E27: Transparent | F27: Transparent | G27: Transparent | H27: Transparent | I27: Transparent | J27: Transparent | K27: Transparent | L27: Transparent | M27: TERM | N27: TERM | O27: TERM
A28: RAISE_ADJUST | B28: F1 | C28: F2 | D28: F3 | E28: F4 | F28: F5 | G28: F6 | H28: NONE | I28: NONE | J28: F7 | K28: F8 | L28: F9 | M28: F10 | N28: F11 | O28: F12
H29: NONE | I29: NONE
C30: 1 | D30: 2 | E30: 3 | F30: 4 | G30: 5 | H30: NONE | I30: NONE | J30: 6 | K30: 7 | L30: 8 | M30: 9 | N30: 0 | O30: Transparent
B31: Transparent | C31: Transparent | D31: Volume Down | E31: Volume Up | F31: Transparent | G31: Transparent | H31: Transparent | I31: Transparent | J31: Transparent | K31: Transparent | L31: , | M31: . | N31: / | O31: \
B32: NONE | C32: NONE | D32: NONE | E32: Transparent | F32: Transparent | G32: Transparent | H32: Transparent | I32: Transparent | J32: Transparent | K32: Transparent | L32: Transparent | M32: TERM | N32: TERM | O32: TERM
A35: DEFAULT | B35: =IF(B3="",keycodes!$C$2,IF($B$1="Japanese",IF(INDEX(keycodes!$E:$E,MATCH(B3,keycodes!$A:$A,0),0)<>"",INDEX(keycodes!$E:$E,MATCH(B3,keycodes!$A:$A,0),0),INDEX(keycodes!$C:$C,MATCH(B3,keycodes!$A:$A,0),0)),INDEX(keycodes!$C:$C,MATCH(B3,keycodes!$B:$B,0),0))) -> KC_ESC | C35: =IF(C3="",keycodes!$C$2,IF($B$1="Japanese",IF(INDEX(keycodes!$E:$E,MATCH(C3,keycodes!$A:$A,0),0)<>"",INDEX(keycodes!$E:$E,MATCH(C3,keycodes!$A:$A,0),0),INDEX(keycodes!$C:$C,MATCH(C3,keycodes!$A:$A,0),0)),INDEX(keycodes!$C:$C,MATCH(C3,keycodes!$B:$B,0),0))) -> KC_1 | D35: =IF(D3="",keycodes!$C$2,IF($B$1="Japanese",IF(INDEX(keycodes!$E:$E,MATCH(D3,keycodes!$A:$A,0),0)<>"",INDEX(keycodes!$E:$E,MATCH(D3,keycodes!$A:$A,0),0),INDEX(keycodes!$C:$C,MATCH(D3,keycodes!$A:$A,0),0)),INDEX(keycodes!$C:$C,MATCH(D3,keycodes!$B:$B,0),0))) -> KC_2 | E35: =IF(E3="",keycodes!$C$2,IF($B$1="Japanese",IF(INDEX(keycodes!$E:$E,MATCH(E3,keycodes!$A:$A,0),0)<>"",INDEX(keycodes!$E:$E,MATCH(E3,keycodes!$A:$A,0),0),INDEX(keycodes!$C:$C,MATCH(E3,keycodes!$A:$A,0),0)),INDEX(keycodes!$C:$C,MATCH(E3,keycodes!$B:$B,0),0))) -> KC_3 | F35: =IF(F3="",keycodes!$C$2,IF($B$1="Japanese",IF(INDEX(keycodes!$E:$E,MATCH(F3,keycodes!$A:$A,0),0)<>"",INDEX(keycodes!$E:$E,MATCH(F3,keycodes!$A:$A,0),0),INDEX(keycodes!$C:$C,MATCH(F3,keycodes!$A:$A,0),0)),INDEX(keycodes!$C:$C,MATCH(F3,keycodes!$B:$B,0),0))) -> KC_4 | G35: =IF(G3="",keycodes!$C$2,IF($B$1="Japanese",IF(INDEX(keycodes!$E:$E,MATCH(G3,keycodes!$A:$A,0),0)<>"",INDEX(keycodes!$E:$E,MATCH(G3,keycodes!$A:$A,0),0),INDEX(keycodes!$C:$C,MATCH(G3,keycodes!$A:$A,0),0)),INDEX(keycodes!$C:$C,MATCH(G3,keycodes!$B:$B,0),0))) -> KC_5 | H35: =IF(H3="",keycodes!$C$2,IF($B$1="Japanese",IF(INDEX(keycodes!$E:$E,MATCH(H3,keycodes!$A:$A,0),0)<>"",INDEX(keycodes!$E:$E,MATCH(H3,keycodes!$A:$A,0),0),INDEX(keycodes!$C:$C,MATCH(H3,keycodes!$A:$A,0),0)),INDEX(keycodes!$C:$C,MATCH(H3,keycodes!$B:$B,0),0))) -> NONE | I35: =IF(I3="",keycodes!$C$2,IF($B$1="Japanese",IF(INDEX(keycodes!$E:$E,MATCH(I3,keycodes!$A:$A,0),0)<>"",INDEX(keycodes!$E:$E,MATCH(I3,keycodes!$A:$A,0),0),INDEX(keycodes!$C:$C,MATCH(I3,keycodes!$A:$A,0),0)),INDEX(keycodes!$C:$C,MATCH(I3,keycodes!$B:$B,0),0))) -> NONE | ... O35: =IF(O3="",keycodes!$C$2,IF($B$1="Japanese",IF(INDEX(keycodes!$E:$E,MATCH(O3,keycodes!$A:$A,0),0)<>"",INDEX(keycodes!$E:$E,MATCH(O3,keycodes!$A:$A,0),0),INDEX(keycodes!$C:$C,MATCH(O3,keycodes!$A:$A,0),0)),INDEX(keycodes!$C:$C,MATCH(O3,keycodes!$B:$B,0),0))) -> KC_MINS
B36: =IF(B4="",keycodes!$C$2,IF($B$1="Japanese",IF(INDEX(keycodes!$E:$E,MATCH(B4,keycodes!$A:$A,0),0)<>"",INDEX(keycodes!$E:$E,MATCH(B4,keycodes!$A:$A,0),0),INDEX(keycodes!$C:$C,MATCH(B4,keycodes!$A:$A,0),0)),INDEX(keycodes!$C:$C,MATCH(B4,keycodes!$B:$B,0),0))) -> KC_LALT | C36: =IF(C4="",keycodes!$C$2,IF($B$1="Japanese",IF(INDEX(keycodes!$E:$E,MATCH(C4,keycodes!$A:$A,0),0)<>"",INDEX(keycodes!$E:$E,MATCH(C4,keycodes!$A:$A,0),0),INDEX(keycodes!$C:$C,MATCH(C4,keycodes!$A:$A,0),0)),INDEX(keycodes!$C:$C,MATCH(C4,keycodes!$B:$B,0),0))) -> KC_Q | D36: =IF(D4="",keycodes!$C$2,IF($B$1="Japanese",IF(INDEX(keycodes!$E:$E,MATCH(D4,keycodes!$A:$A,0),0)<>"",INDEX(keycodes!$E:$E,MATCH(D4,keycodes!$A:$A,0),0),INDEX(keycodes!$C:$C,MATCH(D4,keycodes!$A:$A,0),0)),INDEX(keycodes!$C:$C,MATCH(D4,keycodes!$B:$B,0),0))) -> KC_W | E36: =IF(E4="",keycodes!$C$2,IF($B$1="Japanese",IF(INDEX(keycodes!$E:$E,MATCH(E4,keycodes!$A:$A,0),0)<>"",INDEX(keycodes!$E:$E,MATCH(E4,keycodes!$A:$A,0),0),INDEX(keycodes!$C:$C,MATCH(E4,keycodes!$A:$A,0),0)),INDEX(keycodes!$C:$C,MATCH(E4,keycodes!$B:$B,0),0))) -> KC_E | F36: =IF(F4="",keycodes!$C$2,IF($B$1="Japanese",IF(INDEX(keycodes!$E:$E,MATCH(F4,keycodes!$A:$A,0),0)<>"",INDEX(keycodes!$E:$E,MATCH(F4,keycodes!$A:$A,0),0),INDEX(keycodes!$C:$C,MATCH(F4,keycodes!$A:$A,0),0)),INDEX(keycodes!$C:$C,MATCH(F4,keycodes!$B:$B,0),0))) -> KC_R | G36: =IF(G4="",keycodes!$C$2,IF($B$1="Japanese",IF(INDEX(keycodes!$E:$E,MATCH(G4,keycodes!$A:$A,0),0)<>"",INDEX(keycodes!$E:$E,MATCH(G4,keycodes!$A:$A,0),0),INDEX(keycodes!$C:$C,MATCH(G4,keycodes!$A:$A,0),0)),INDEX(keycodes!$C:$C,MATCH(G4,keycodes!$B:$B,0),0))) -> KC_T | H36: =IF(H4="",keycodes!$C$2,IF($B$1="Japanese",IF(INDEX(keycodes!$E:$E,MATCH(H4,keycodes!$A:$A,0),0)<>"",INDEX(keycodes!$E:$E,MATCH(H4,keycodes!$A:$A,0),0),INDEX(keycodes!$C:$C,MATCH(H4,keycodes!$A:$A,0),0)),INDEX(keycodes!$C:$C,MATCH(H4,keycodes!$B:$B,0),0))) -> NONE | I36: =IF(I4="",keycodes!$C$2,IF($B$1="Japanese",IF(INDEX(keycodes!$E:$E,MATCH(I4,keycodes!$A:$A,0),0)<>"",INDEX(keycodes!$E:$E,MATCH(I4,keycodes!$A:$A,0),0),INDEX(keycodes!$C:$C,MATCH(I4,keycodes!$A:$A,0),0)),INDEX(keycodes!$C:$C,MATCH(I4,keycodes!$B:$B,0),0))) -> NONE | ... O36: =IF(O4="",keycodes!$C$2,IF($B$1="Japanese",IF(INDEX(keycodes!$E:$E,MATCH(O4,keycodes!$A:$A,0),0)<>"",INDEX(keycodes!$E:$E,MATCH(O4,keycodes!$A:$A,0),0),INDEX(keycodes!$C:$C,MATCH(O4,keycodes!$A:$A,0),0)),INDEX(keycodes!$C:$C,MATCH(O4,keycodes!$B:$B,0),0))) -> KC_LBRC
B37: =IF(B5="",keycodes!$C$2,IF($B$1="Japanese",IF(INDEX(keycodes!$E:$E,MATCH(B5,keycodes!$A:$A,0),0)<>"",INDEX(keycodes!$E:$E,MATCH(B5,keycodes!$A:$A,0),0),INDEX(keycodes!$C:$C,MATCH(B5,keycodes!$A:$A,0),0)),INDEX(keycodes!$C:$C,MATCH(B5,keycodes!$B:$B,0),0))) -> KC_TAB | C37: =IF(C5="",keycodes!$C$2,IF($B$1="Japanese",IF(INDEX(keycodes!$E:$E,MATCH(C5,keycodes!$A:$A,0),0)<>"",INDEX(keycodes!$E:$E,MATCH(C5,keycodes!$A:$A,0),0),INDEX(keycodes!$C:$C,MATCH(C5,keycodes!$A:$A,0),0)),INDEX(keycodes!$C:$C,MATCH(C5,keycodes!$B:$B,0),0))) -> KC_A | D37: =IF(D5="",keycodes!$C$2,IF($B$1="Japanese",IF(INDEX(keycodes!$E:$E,MATCH(D5,keycodes!$A:$A,0),0)<>"",INDEX(keycodes!$E:$E,MATCH(D5,keycodes!$A:$A,0),0),INDEX(keycodes!$C:$C,MATCH(D5,keycodes!$A:$A,0),0)),INDEX(keycodes!$C:$C,MATCH(D5,keycodes!$B:$B,0),0))) -> KC_S | E37: =IF(E5="",keycodes!$C$2,IF($B$1="Japanese",IF(INDEX(keycodes!$E:$E,MATCH(E5,keycodes!$A:$A,0),0)<>"",INDEX(keycodes!$E:$E,MATCH(E5,keycodes!$A:$A,0),0),INDEX(keycodes!$C:$C,MATCH(E5,keycodes!$A:$A,0),0)),INDEX(keycodes!$C:$C,MATCH(E5,keycodes!$B:$B,0),0))) -> KC_D | F37: =IF(F5="",keycodes!$C$2,IF($B$1="Japanese",IF(INDEX(keycodes!$E:$E,MATCH(F5,keycodes!$A:$A,0),0)<>"",INDEX(keycodes!$E:$E,MATCH(F5,keycodes!$A:$A,0),0),INDEX(keycodes!$C:$C,MATCH(F5,keycodes!$A:$A,0),0)),INDEX(keycodes!$C:$C,MATCH(F5,keycodes!$B:$B,0),0))) -> KC_F | G37: =IF(G5="",keycodes!$C$2,IF($B$1="Japanese",IF(INDEX(keycodes!$E:$E,MATCH(G5,keycodes!$A:$A,0),0)<>"",INDEX(keycodes!$E:$E,MATCH(G5,keycodes!$A:$A,0),0),INDEX(keycodes!$C:$C,MATCH(G5,keycodes!$A:$A,0),0)),INDEX(keycodes!$C:$C,MATCH(G5,keycodes!$B:$B,0),0))) -> KC_G | H37: =IF(H5="",keycodes!$C$2,IF($B$1="Japanese",IF(INDEX(keycodes!$E:$E,MATCH(H5,keycodes!$A:$A,0),0)<>"",INDEX(keycodes!$E:$E,MATCH(H5,keycodes!$A:$A,0),0),INDEX(keycodes!$C:$C,MATCH(H5,keycodes!$A:$A,0),0)),INDEX(keycodes!$C:$C,MATCH(H5,keycodes!$B:$B,0),0))) -> NONE | I37: =IF(I5="",keycodes!$C$2,IF($B$1="Japanese",IF(INDEX(keycodes!$E:$E,MATCH(I5,keycodes!$A:$A,0),0)<>"",INDEX(keycodes!$E:$E,MATCH(I5,keycodes!$A:$A,0),0),INDEX(keycodes!$C:$C,MATCH(I5,keycodes!$A:$A,0),0)),INDEX(keycodes!$C:$C,MATCH(I5,keycodes!$B:$B,0),0))) -> NONE | ... O37: =IF(O5="",keycodes!$C$2,IF($B$1="Japanese",IF(INDEX(keycodes!$E:$E,MATCH(O5,keycodes!$A:$A,0),0)<>"",INDEX(keycodes!$E:$E,MATCH(O5,keycodes!$A:$A,0),0),INDEX(keycodes!$C:$C,MATCH(O5,keycodes!$A:$A,0),0)),INDEX(keycodes!$C:$C,MATCH(O5,keycodes!$B:$B,0),0))) -> KC_QUOT
B38: =IF(B6="",keycodes!$C$2,IF($B$1="Japanese",IF(INDEX(keycodes!$E:$E,MATCH(B6,keycodes!$A:$A,0),0)<>"",INDEX(keycodes!$E:$E,MATCH(B6,keycodes!$A:$A,0),0),INDEX(keycodes!$C:$C,MATCH(B6,keycodes!$A:$A,0),0)),INDEX(keycodes!$C:$C,MATCH(B6,keycodes!$B:$B,0),0))) -> KC_LCTL | C38: =IF(C6="",keycodes!$C$2,IF($B$1="Japanese",IF(INDEX(keycodes!$E:$E,MATCH(C6,keycodes!$A:$A,0),0)<>"",INDEX(keycodes!$E:$E,MATCH(C6,keycodes!$A:$A,0),0),INDEX(keycodes!$C:$C,MATCH(C6,keycodes!$A:$A,0),0)),INDEX(keycodes!$C:$C,MATCH(C6,keycodes!$B:$B,0),0))) -> KC_Z | D38: =IF(D6="",keycodes!$C$2,IF($B$1="Japanese",IF(INDEX(keycodes!$E:$E,MATCH(D6,keycodes!$A:$A,0),0)<>"",INDEX(keycodes!$E:$E,MATCH(D6,keycodes!$A:$A,0),0),INDEX(keycodes!$C:$C,MATCH(D6,keycodes!$A:$A,0),0)),INDEX(keycodes!$C:$C,MATCH(D6,keycodes!$B:$B,0),0))) -> KC_X | E38: =IF(E6="",keycodes!$C$2,IF($B$1="Japanese",IF(INDEX(keycodes!$E:$E,MATCH(E6,keycodes!$A:$A,0),0)<>"",INDEX(keycodes!$E:$E,MATCH(E6,keycodes!$A:$A,0),0),INDEX(keycodes!$C:$C,MATCH(E6,keycodes!$A:$A,0),0)),INDEX(keycodes!$C:$C,MATCH(E6,keycodes!$B:$B,0),0))) -> KC_C | F38: =IF(F6="",keycodes!$C$2,IF($B$1="Japanese",IF(INDEX(keycodes!$E:$E,MATCH(F6,keycodes!$A:$A,0),0)<>"",INDEX(keycodes!$E:$E,MATCH(F6,keycodes!$A:$A,0),0),INDEX(keycodes!$C:$C,MATCH(F6,keycodes!$A:$A,0),0)),INDEX(keycodes!$C:$C,MATCH(F6,keycodes!$B:$B,0),0))) -> KC_V | G38: =IF(G6="",keycodes!$C$2,IF($B$1="Japanese",IF(INDEX(keycodes!$E:$E,MATCH(G6,keycodes!$A:$A,0),0)<>"",INDEX(keycodes!$E:$E,MATCH(G6,keycodes!$A:$A,0),0),INDEX(keycodes!$C:$C,MATCH(G6,keycodes!$A:$A,0),0)),INDEX(keycodes!$C:$C,MATCH(G6,keycodes!$B:$B,0),0))) -> KC_B | H38: =IF(H6="",keycodes!$C$2,IF($B$1="Japanese",IF(INDEX(keycodes!$E:$E,MATCH(H6,keycodes!$A:$A,0),0)<>"",INDEX(keycodes!$E:$E,MATCH(H6,keycodes!$A:$A,0),0),INDEX(keycodes!$C:$C,MATCH(H6,keycodes!$A:$A,0),0)),INDEX(keycodes!$C:$C,MATCH(H6,keycodes!$B:$B,0),0))) -> KC_BSPC | I38: =IF(I6="",keycodes!$C$2,IF($B$1="Japanese",IF(INDEX(keycodes!$E:$E,MATCH(I6,keycodes!$A:$A,0),0)<>"",INDEX(keycodes!$E:$E,MATCH(I6,keycodes!$A:$A,0),0),INDEX(keycodes!$C:$C,MATCH(I6,keycodes!$A:$A,0),0)),INDEX(keycodes!$C:$C,MATCH(I6,keycodes!$B:$B,0),0))) -> KC_DEL | ... O38: =IF(O6="",keycodes!$C$2,IF($B$1="Japanese",IF(INDEX(keycodes!$E:$E,MATCH(O6,keycodes!$A:$A,0),0)<>"",INDEX(keycodes!$E:$E,MATCH(O6,keycodes!$A:$A,0),0),INDEX(keycodes!$C:$C,MATCH(O6,keycodes!$A:$A,0),0)),INDEX(keycodes!$C:$C,MATCH(O6,keycodes!$B:$B,0),0))) -> KC_INT1
B39: =IF(B7="",keycodes!$C$2,IF($B$1="Japanese",IF(INDEX(keycodes!$E:$E,MATCH(B7,keycodes!$A:$A,0),0)<>"",INDEX(keycodes!$E:$E,MATCH(B7,keycodes!$A:$A,0),0),INDEX(keycodes!$C:$C,MATCH(B7,keycodes!$A:$A,0),0)),INDEX(keycodes!$C:$C,MATCH(B7,keycodes!$B:$B,0),0))) -> NONE | C39: =IF(C7="",keycodes!$C$2,IF($B$1="Japanese",IF(INDEX(keycodes!$E:$E,MATCH(C7,keycodes!$A:$A,0),0)<>"",INDEX(keycodes!$E:$E,MATCH(C7,keycodes!$A:$A,0),0),INDEX(keycodes!$C:$C,MATCH(C7,keycodes!$A:$A,0),0)),INDEX(keycodes!$C:$C,MATCH(C7,keycodes!$B:$B,0),0))) -> NONE | D39: =IF(D7="",keycodes!$C$2,IF($B$1="Japanese",IF(INDEX(keycodes!$E:$E,MATCH(D7,keycodes!$A:$A,0),0)<>"",INDEX(keycodes!$E:$E,MATCH(D7,keycodes!$A:$A,0),0),INDEX(keycodes!$C:$C,MATCH(D7,keycodes!$A:$A,0),0)),INDEX(keycodes!$C:$C,MATCH(D7,keycodes!$B:$B,0),0))) -> NONE | E39: =IF(E7="",keycodes!$C$2,IF($B$1="Japanese",IF(INDEX(keycodes!$E:$E,MATCH(E7,keycodes!$A:$A,0),0)<>"",INDEX(keycodes!$E:$E,MATCH(E7,keycodes!$A:$A,0),0),INDEX(keycodes!$C:$C,MATCH(E7,keycodes!$A:$A,0),0)),INDEX(keycodes!$C:$C,MATCH(E7,keycodes!$B:$B,0),0))) -> KC_LGUI | F39: =IF(F7="",keycodes!$C$2,IF($B$1="Japanese",IF(INDEX(keycodes!$E:$E,MATCH(F7,keycodes!$A:$A,0),0)<>"",INDEX(keycodes!$E:$E,MATCH(F7,keycodes!$A:$A,0),0),INDEX(keycodes!$C:$C,MATCH(F7,keycodes!$A:$A,0),0)),INDEX(keycodes!$C:$C,MATCH(F7,keycodes!$B:$B,0),0))) -> TG_R | G39: =IF(G7="",keycodes!$C$2,IF($B$1="Japanese",IF(INDEX(keycodes!$E:$E,MATCH(G7,keycodes!$A:$A,0),0)<>"",INDEX(keycodes!$E:$E,MATCH(G7,keycodes!$A:$A,0),0),INDEX(keycodes!$C:$C,MATCH(G7,keycodes!$A:$A,0),0)),INDEX(keycodes!$C:$C,MATCH(G7,keycodes!$B:$B,0),0))) -> MO_R | H39: =IF(H7="",keycodes!$C$2,IF($B$1="Japanese",IF(INDEX(keycodes!$E:$E,MATCH(H7,keycodes!$A:$A,0),0)<>"",INDEX(keycodes!$E:$E,MATCH(H7,keycodes!$A:$A,0),0),INDEX(keycodes!$C:$C,MATCH(H7,keycodes!$A:$A,0),0)),INDEX(keycodes!$C:$C,MATCH(H7,keycodes!$B:$B,0),0))) -> LSFT_SPC | I39: =IF(I7="",keycodes!$C$2,IF($B$1="Japanese",IF(INDEX(keycodes!$E:$E,MATCH(I7,keycodes!$A:$A,0),0)<>"",INDEX(keycodes!$E:$E,MATCH(I7,keycodes!$A:$A,0),0),INDEX(keycodes!$C:$C,MATCH(I7,keycodes!$A:$A,0),0)),INDEX(keycodes!$C:$C,MATCH(I7,keycodes!$B:$B,0),0))) -> RSTF_ENT | ... O39: =IF(O7="",keycodes!$C$2,IF($B$1="Japanese",IF(INDEX(keycodes!$E:$E,MATCH(O7,keycodes!$A:$A,0),0)<>"",INDEX(keycodes!$E:$E,MATCH(O7,keycodes!$A:$A,0),0),INDEX(keycodes!$C:$C,MATCH(O7,keycodes!$A:$A,0),0)),INDEX(keycodes!$C:$C,MATCH(O7,keycodes!$B:$B,0),0))) -> TERM
A40: LOWER | B40: =IF(B8="",keycodes!$C$2,IF($B$1="Japanese",IF(INDEX(keycodes!$E:$E,MATCH(B8,keycodes!$A:$A,0),0)<>"",INDEX(keycodes!$E:$E,MATCH(B8,keycodes!$A:$A,0),0),INDEX(keycodes!$C:$C,MATCH(B8,keycodes!$A:$A,0),0)),INDEX(keycodes!$C:$C,MATCH(B8,keycodes!$B:$B,0),0))) -> _______ | C40: =IF(C8="",keycodes!$C$2,IF($B$1="Japanese",IF(INDEX(keycodes!$E:$E,MATCH(C8,keycodes!$A:$A,0),0)<>"",INDEX(keycodes!$E:$E,MATCH(C8,keycodes!$A:$A,0),0),INDEX(keycodes!$C:$C,MATCH(C8,keycodes!$A:$A,0),0)),INDEX(keycodes!$C:$C,MATCH(C8,keycodes!$B:$B,0),0))) -> _______ | D40: =IF(D8="",keycodes!$C$2,IF($B$1="Japanese",IF(INDEX(keycodes!$E:$E,MATCH(D8,keycodes!$A:$A,0),0)<>"",INDEX(keycodes!$E:$E,MATCH(D8,keycodes!$A:$A,0),0),INDEX(keycodes!$C:$C,MATCH(D8,keycodes!$A:$A,0),0)),INDEX(keycodes!$C:$C,MATCH(D8,keycodes!$B:$B,0),0))) -> _______ | E40: =IF(E8="",keycodes!$C$2,IF($B$1="Japanese",IF(INDEX(keycodes!$E:$E,MATCH(E8,keycodes!$A:$A,0),0)<>"",INDEX(keycodes!$E:$E,MATCH(E8,keycodes!$A:$A,0),0),INDEX(keycodes!$C:$C,MATCH(E8,keycodes!$A:$A,0),0)),INDEX(keycodes!$C:$C,MATCH(E8,keycodes!$B:$B,0),0))) -> _______ | F40: =IF(F8="",keycodes!$C$2,IF($B$1="Japanese",IF(INDEX(keycodes!$E:$E,MATCH(F8,keycodes!$A:$A,0),0)<>"",INDEX(keycodes!$E:$E,MATCH(F8,keycodes!$A:$A,0),0),INDEX(keycodes!$C:$C,MATCH(F8,keycodes!$A:$A,0),0)),INDEX(keycodes!$C:$C,MATCH(F8,keycodes!$B:$B,0),0))) -> _______ | G40: =IF(G8="",keycodes!$C$2,IF($B$1="Japanese",IF(INDEX(keycodes!$E:$E,MATCH(G8,keycodes!$A:$A,0),0)<>"",INDEX(keycodes!$E:$E,MATCH(G8,keycodes!$A:$A,0),0),INDEX(keycodes!$C:$C,MATCH(G8,keycodes!$A:$A,0),0)),INDEX(keycodes!$C:$C,MATCH(G8,keycodes!$B:$B,0),0))) -> _______ | H40: =IF(H8="",keycodes!$C$2,IF($B$1="Japanese",IF(INDEX(keycodes!$E:$E,MATCH(H8,keycodes!$A:$A,0),0)<>"",INDEX(keycodes!$E:$E,MATCH(H8,keycodes!$A:$A,0),0),INDEX(keycodes!$C:$C,MATCH(H8,keycodes!$A:$A,0),0)),INDEX(keycodes!$C:$C,MATCH(H8,keycodes!$B:$B,0),0))) -> NONE | I40: =IF(I8="",keycodes!$C$2,IF($B$1="Japanese",IF(INDEX(keycodes!$E:$E,MATCH(I8,keycodes!$A:$A,0),0)<>"",INDEX(keycodes!$E:$E,MATCH(I8,keycodes!$A:$A,0),0),INDEX(keycodes!$C:$C,MATCH(I8,keycodes!$A:$A,0),0)),INDEX(keycodes!$C:$C,MATCH(I8,keycodes!$B:$B,0),0))) -> NONE | ... O40: =IF(O8="",keycodes!$C$2,IF($B$1="Japanese",IF(INDEX(keycodes!$E:$E,MATCH(O8,keycodes!$A:$A,0),0)<>"",INDEX(keycodes!$E:$E,MATCH(O8,keycodes!$A:$A,0),0),INDEX(keycodes!$C:$C,MATCH(O8,keycodes!$A:$A,0),0)),INDEX(keycodes!$C:$C,MATCH(O8,keycodes!$B:$B,0),0))) -> _______
B41: =IF(B9="",keycodes!$C$2,IF($B$1="Japanese",IF(INDEX(keycodes!$E:$E,MATCH(B9,keycodes!$A:$A,0),0)<>"",INDEX(keycodes!$E:$E,MATCH(B9,keycodes!$A:$A,0),0),INDEX(keycodes!$C:$C,MATCH(B9,keycodes!$A:$A,0),0)),INDEX(keycodes!$C:$C,MATCH(B9,keycodes!$B:$B,0),0))) -> KC_APP | C41: =IF(C9="",keycodes!$C$2,IF($B$1="Japanese",IF(INDEX(keycodes!$E:$E,MATCH(C9,keycodes!$A:$A,0),0)<>"",INDEX(keycodes!$E:$E,MATCH(C9,keycodes!$A:$A,0),0),INDEX(keycodes!$C:$C,MATCH(C9,keycodes!$A:$A,0),0)),INDEX(keycodes!$C:$C,MATCH(C9,keycodes!$B:$B,0),0))) -> S(KC_1) | D41: =IF(D9="",keycodes!$C$2,IF($B$1="Japanese",IF(INDEX(keycodes!$E:$E,MATCH(D9,keycodes!$A:$A,0),0)<>"",INDEX(keycodes!$E:$E,MATCH(D9,keycodes!$A:$A,0),0),INDEX(keycodes!$C:$C,MATCH(D9,keycodes!$A:$A,0),0)),INDEX(keycodes!$C:$C,MATCH(D9,keycodes!$B:$B,0),0))) -> S(KC_2) | E41: =IF(E9="",keycodes!$C$2,IF($B$1="Japanese",IF(INDEX(keycodes!$E:$E,MATCH(E9,keycodes!$A:$A,0),0)<>"",INDEX(keycodes!$E:$E,MATCH(E9,keycodes!$A:$A,0),0),INDEX(keycodes!$C:$C,MATCH(E9,keycodes!$A:$A,0),0)),INDEX(keycodes!$C:$C,MATCH(E9,keycodes!$B:$B,0),0))) -> S(KC_3) | F41: =IF(F9="",keycodes!$C$2,IF($B$1="Japanese",IF(INDEX(keycodes!$E:$E,MATCH(F9,keycodes!$A:$A,0),0)<>"",INDEX(keycodes!$E:$E,MATCH(F9,keycodes!$A:$A,0),0),INDEX(keycodes!$C:$C,MATCH(F9,keycodes!$A:$A,0),0)),INDEX(keycodes!$C:$C,MATCH(F9,keycodes!$B:$B,0),0))) -> S(KC_4) | G41: =IF(G9="",keycodes!$C$2,IF($B$1="Japanese",IF(INDEX(keycodes!$E:$E,MATCH(G9,keycodes!$A:$A,0),0)<>"",INDEX(keycodes!$E:$E,MATCH(G9,keycodes!$A:$A,0),0),INDEX(keycodes!$C:$C,MATCH(G9,keycodes!$A:$A,0),0)),INDEX(keycodes!$C:$C,MATCH(G9,keycodes!$B:$B,0),0))) -> S(KC_5) | H41: =IF(H9="",keycodes!$C$2,IF($B$1="Japanese",IF(INDEX(keycodes!$E:$E,MATCH(H9,keycodes!$A:$A,0),0)<>"",INDEX(keycodes!$E:$E,MATCH(H9,keycodes!$A:$A,0),0),INDEX(keycodes!$C:$C,MATCH(H9,keycodes!$A:$A,0),0)),INDEX(keycodes!$C:$C,MATCH(H9,keycodes!$B:$B,0),0))) -> NONE | I41: =IF(I9="",keycodes!$C$2,IF($B$1="Japanese",IF(INDEX(keycodes!$E:$E,MATCH(I9,keycodes!$A:$A,0),0)<>"",INDEX(keycodes!$E:$E,MATCH(I9,keycodes!$A:$A,0),0),INDEX(keycodes!$C:$C,MATCH(I9,keycodes!$A:$A,0),0)),INDEX(keycodes!$C:$C,MATCH(I9,keycodes!$B:$B,0),0))) -> NONE | ... O41: =IF(O9="",keycodes!$C$2,IF($B$1="Japanese",IF(INDEX(keycodes!$E:$E,MATCH(O9,keycodes!$A:$A,0),0)<>"",INDEX(keycodes!$E:$E,MATCH(O9,keycodes!$A:$A,0),0),INDEX(keycodes!$C:$C,MATCH(O9,keycodes!$A:$A,0),0)),INDEX(keycodes!$C:$C,MATCH(O9,keycodes!$B:$B,0),0))) -> XXXXXXX
B42: =IF(B10="",keycodes!$C$2,IF($B$1="Japanese",IF(INDEX(keycodes!$E:$E,MATCH(B10,keycodes!$A:$A,0),0)<>"",INDEX(keycodes!$E:$E,MATCH(B10,keycodes!$A:$A,0),0),INDEX(keycodes!$C:$C,MATCH(B10,keycodes!$A:$A,0),0)),INDEX(keycodes!$C:$C,MATCH(B10,keycodes!$B:$B,0),0))) -> KC_LGUI | C42: =IF(C10="",keycodes!$C$2,IF($B$1="Japanese",IF(INDEX(keycodes!$E:$E,MATCH(C10,keycodes!$A:$A,0),0)<>"",INDEX(keycodes!$E:$E,MATCH(C10,keycodes!$A:$A,0),0),INDEX(keycodes!$C:$C,MATCH(C10,keycodes!$A:$A,0),0)),INDEX(keycodes!$C:$C,MATCH(C10,keycodes!$B:$B,0),0))) -> XXXXXXX | D42: =IF(D10="",keycodes!$C$2,IF($B$1="Japanese",IF(INDEX(keycodes!$E:$E,MATCH(D10,keycodes!$A:$A,0),0)<>"",INDEX(keycodes!$E:$E,MATCH(D10,keycodes!$A:$A,0),0),INDEX(keycodes!$C:$C,MATCH(D10,keycodes!$A:$A,0),0)),INDEX(keycodes!$C:$C,MATCH(D10,keycodes!$B:$B,0),0))) -> KC_HOME | E42: =IF(E10="",keycodes!$C$2,IF($B$1="Japanese",IF(INDEX(keycodes!$E:$E,MATCH(E10,keycodes!$A:$A,0),0)<>"",INDEX(keycodes!$E:$E,MATCH(E10,keycodes!$A:$A,0),0),INDEX(keycodes!$C:$C,MATCH(E10,keycodes!$A:$A,0),0)),INDEX(keycodes!$C:$C,MATCH(E10,keycodes!$B:$B,0),0))) -> KC_PGUP | F42: =IF(F10="",keycodes!$C$2,IF($B$1="Japanese",IF(INDEX(keycodes!$E:$E,MATCH(F10,keycodes!$A:$A,0),0)<>"",INDEX(keycodes!$E:$E,MATCH(F10,keycodes!$A:$A,0),0),INDEX(keycodes!$C:$C,MATCH(F10,keycodes!$A:$A,0),0)),INDEX(keycodes!$C:$C,MATCH(F10,keycodes!$B:$B,0),0))) -> KC_PGDN | G42: =IF(G10="",keycodes!$C$2,IF($B$1="Japanese",IF(INDEX(keycodes!$E:$E,MATCH(G10,keycodes!$A:$A,0),0)<>"",INDEX(keycodes!$E:$E,MATCH(G10,keycodes!$A:$A,0),0),INDEX(keycodes!$C:$C,MATCH(G10,keycodes!$A:$A,0),0)),INDEX(keycodes!$C:$C,MATCH(G10,keycodes!$B:$B,0),0))) -> KC_END | H42: =IF(H10="",keycodes!$C$2,IF($B$1="Japanese",IF(INDEX(keycodes!$E:$E,MATCH(H10,keycodes!$A:$A,0),0)<>"",INDEX(keycodes!$E:$E,MATCH(H10,keycodes!$A:$A,0),0),INDEX(keycodes!$C:$C,MATCH(H10,keycodes!$A:$A,0),0)),INDEX(keycodes!$C:$C,MATCH(H10,keycodes!$B:$B,0),0))) -> NONE | I42: =IF(I10="",keycodes!$C$2,IF($B$1="Japanese",IF(INDEX(keycodes!$E:$E,MATCH(I10,keycodes!$A:$A,0),0)<>"",INDEX(keycodes!$E:$E,MATCH(I10,keycodes!$A:$A,0),0),INDEX(keycodes!$C:$C,MATCH(I10,keycodes!$A:$A,0),0)),INDEX(keycodes!$C:$C,MATCH(I10,keycodes!$B:$B,0),0))) -> NONE | ... O42: =IF(O10="",keycodes!$C$2,IF($B$1="Japanese",IF(INDEX(keycodes!$E:$E,MATCH(O10,keycodes!$A:$A,0),0)<>"",INDEX(keycodes!$E:$E,MATCH(O10,keycodes!$A:$A,0),0),INDEX(keycodes!$C:$C,MATCH(O10,keycodes!$A:$A,0),0)),INDEX(keycodes!$C:$C,MATCH(O10,keycodes!$B:$B,0),0))) -> KC_MINS
B43: =IF(B11="",keycodes!$C$2,IF($B$1="Japanese",IF(INDEX(keycodes!$E:$E,MATCH(B11,keycodes!$A:$A,0),0)<>"",INDEX(keycodes!$E:$E,MATCH(B11,keycodes!$A:$A,0),0),INDEX(keycodes!$C:$C,MATCH(B11,keycodes!$A:$A,0),0)),INDEX(keycodes!$C:$C,MATCH(B11,keycodes!$B:$B,0),0))) -> _______ | C43: =IF(C11="",keycodes!$C$2,IF($B$1="Japanese",IF(INDEX(keycodes!$E:$E,MATCH(C11,keycodes!$A:$A,0),0)<>"",INDEX(keycodes!$E:$E,MATCH(C11,keycodes!$A:$A,0),0),INDEX(keycodes!$C:$C,MATCH(C11,keycodes!$A:$A,0),0)),INDEX(keycodes!$C:$C,MATCH(C11,keycodes!$B:$B,0),0))) -> KC_LALT | D43: =IF(D11="",keycodes!$C$2,IF($B$1="Japanese",IF(INDEX(keycodes!$E:$E,MATCH(D11,keycodes!$A:$A,0),0)<>"",INDEX(keycodes!$E:$E,MATCH(D11,keycodes!$A:$A,0),0),INDEX(keycodes!$C:$C,MATCH(D11,keycodes!$A:$A,0),0)),INDEX(keycodes!$C:$C,MATCH(D11,keycodes!$B:$B,0),0))) -> XXXXXXX | E43: =IF(E11="",keycodes!$C$2,IF($B$1="Japanese",IF(INDEX(keycodes!$E:$E,MATCH(E11,keycodes!$A:$A,0),0)<>"",INDEX(keycodes!$E:$E,MATCH(E11,keycodes!$A:$A,0),0),INDEX(keycodes!$C:$C,MATCH(E11,keycodes!$A:$A,0),0)),INDEX(keycodes!$C:$C,MATCH(E11,keycodes!$B:$B,0),0))) -> XXXXXXX | F43: =IF(F11="",keycodes!$C$2,IF($B$1="Japanese",IF(INDEX(keycodes!$E:$E,MATCH(F11,keycodes!$A:$A,0),0)<>"",INDEX(keycodes!$E:$E,MATCH(F11,keycodes!$A:$A,0),0),INDEX(keycodes!$C:$C,MATCH(F11,keycodes!$A:$A,0),0)),INDEX(keycodes!$C:$C,MATCH(F11,keycodes!$B:$B,0),0))) -> KC_INT5 | G43: =IF(G11="",keycodes!$C$2,IF($B$1="Japanese",IF(INDEX(keycodes!$E:$E,MATCH(G11,keycodes!$A:$A,0),0)<>"",INDEX(keycodes!$E:$E,MATCH(G11,keycodes!$A:$A,0),0),INDEX(keycodes!$C:$C,MATCH(G11,keycodes!$A:$A,0),0)),INDEX(keycodes!$C:$C,MATCH(G11,keycodes!$B:$B,0),0))) -> KC_BSPC | H43: =IF(H11="",keycodes!$C$2,IF($B$1="Japanese",IF(INDEX(keycodes!$E:$E,MATCH(H11,keycodes!$A:$A,0),0)<>"",INDEX(keycodes!$E:$E,MATCH(H11,keycodes!$A:$A,0),0),INDEX(keycodes!$C:$C,MATCH(H11,keycodes!$A:$A,0),0)),INDEX(keycodes!$C:$C,MATCH(H11,keycodes!$B:$B,0),0))) -> _______ | I43: =IF(I11="",keycodes!$C$2,IF($B$1="Japanese",IF(INDEX(keycodes!$E:$E,MATCH(I11,keycodes!$A:$A,0),0)<>"",INDEX(keycodes!$E:$E,MATCH(I11,keycodes!$A:$A,0),0),INDEX(keycodes!$C:$C,MATCH(I11,keycodes!$A:$A,0),0)),INDEX(keycodes!$C:$C,MATCH(I11,keycodes!$B:$B,0),0))) -> _______ | ... O43: =IF(O11="",keycodes!$C$2,IF($B$1="Japanese",IF(INDEX(keycodes!$E:$E,MATCH(O11,keycodes!$A:$A,0),0)<>"",INDEX(keycodes!$E:$E,MATCH(O11,keycodes!$A:$A,0),0),INDEX(keycodes!$C:$C,MATCH(O11,keycodes!$A:$A,0),0)),INDEX(keycodes!$C:$C,MATCH(O11,keycodes!$B:$B,0),0))) -> S(KC_INT3)
B44: =IF(B12="",keycodes!$C$2,IF($B$1="Japanese",IF(INDEX(keycodes!$E:$E,MATCH(B12,keycodes!$A:$A,0),0)<>"",INDEX(keycodes!$E:$E,MATCH(B12,keycodes!$A:$A,0),0),INDEX(keycodes!$C:$C,MATCH(B12,keycodes!$A:$A,0),0)),INDEX(keycodes!$C:$C,MATCH(B12,keycodes!$B:$B,0),0))) -> NONE | C44: =IF(C12="",keycodes!$C$2,IF($B$1="Japanese",IF(INDEX(keycodes!$E:$E,MATCH(C12,keycodes!$A:$A,0),0)<>"",INDEX(keycodes!$E:$E,MATCH(C12,keycodes!$A:$A,0),0),INDEX(keycodes!$C:$C,MATCH(C12,keycodes!$A:$A,0),0)),INDEX(keycodes!$C:$C,MATCH(C12,keycodes!$B:$B,0),0))) -> NONE | D44: =IF(D12="",keycodes!$C$2,IF($B$1="Japanese",IF(INDEX(keycodes!$E:$E,MATCH(D12,keycodes!$A:$A,0),0)<>"",INDEX(keycodes!$E:$E,MATCH(D12,keycodes!$A:$A,0),0),INDEX(keycodes!$C:$C,MATCH(D12,keycodes!$A:$A,0),0)),INDEX(keycodes!$C:$C,MATCH(D12,keycodes!$B:$B,0),0))) -> NONE | E44: =IF(E12="",keycodes!$C$2,IF($B$1="Japanese",IF(INDEX(keycodes!$E:$E,MATCH(E12,keycodes!$A:$A,0),0)<>"",INDEX(keycodes!$E:$E,MATCH(E12,keycodes!$A:$A,0),0),INDEX(keycodes!$C:$C,MATCH(E12,keycodes!$A:$A,0),0)),INDEX(keycodes!$C:$C,MATCH(E12,keycodes!$B:$B,0),0))) -> _______ | F44: =IF(F12="",keycodes!$C$2,IF($B$1="Japanese",IF(INDEX(keycodes!$E:$E,MATCH(F12,keycodes!$A:$A,0),0)<>"",INDEX(keycodes!$E:$E,MATCH(F12,keycodes!$A:$A,0),0),INDEX(keycodes!$C:$C,MATCH(F12,keycodes!$A:$A,0),0)),INDEX(keycodes!$C:$C,MATCH(F12,keycodes!$B:$B,0),0))) -> _______ | G44: =IF(G12="",keycodes!$C$2,IF($B$1="Japanese",IF(INDEX(keycodes!$E:$E,MATCH(G12,keycodes!$A:$A,0),0)<>"",INDEX(keycodes!$E:$E,MATCH(G12,keycodes!$A:$A,0),0),INDEX(keycodes!$C:$C,MATCH(G12,keycodes!$A:$A,0),0)),INDEX(keycodes!$C:$C,MATCH(G12,keycodes!$B:$B,0),0))) -> _______ | H44: =IF(H12="",keycodes!$C$2,IF($B$1="Japanese",IF(INDEX(keycodes!$E:$E,MATCH(H12,keycodes!$A:$A,0),0)<>"",INDEX(keycodes!$E:$E,MATCH(H12,keycodes!$A:$A,0),0),INDEX(keycodes!$C:$C,MATCH(H12,keycodes!$A:$A,0),0)),INDEX(keycodes!$C:$C,MATCH(H12,keycodes!$B:$B,0),0))) -> _______ | I44: =IF(I12="",keycodes!$C$2,IF($B$1="Japanese",IF(INDEX(keycodes!$E:$E,MATCH(I12,keycodes!$A:$A,0),0)<>"",INDEX(keycodes!$E:$E,MATCH(I12,keycodes!$A:$A,0),0),INDEX(keycodes!$C:$C,MATCH(I12,keycodes!$A:$A,0),0)),INDEX(keycodes!$C:$C,MATCH(I12,keycodes!$B:$B,0),0))) -> _______ | ... O44: =IF(O12="",keycodes!$C$2,IF($B$1="Japanese",IF(INDEX(keycodes!$E:$E,MATCH(O12,keycodes!$A:$A,0),0)<>"",INDEX(keycodes!$E:$E,MATCH(O12,keycodes!$A:$A,0),0),INDEX(keycodes!$C:$C,MATCH(O12,keycodes!$A:$A,0),0)),INDEX(keycodes!$C:$C,MATCH(O12,keycodes!$B:$B,0),0))) -> TERM
A45: RAISE | B45: =IF(B13="",keycodes!$C$2,IF($B$1="Japanese",IF(INDEX(keycodes!$E:$E,MATCH(B13,keycodes!$A:$A,0),0)<>"",INDEX(keycodes!$E:$E,MATCH(B13,keycodes!$A:$A,0),0),INDEX(keycodes!$C:$C,MATCH(B13,keycodes!$A:$A,0),0)),INDEX(keycodes!$C:$C,MATCH(B13,keycodes!$B:$B,0),0))) -> KC_F1 | C45: =IF(C13="",keycodes!$C$2,IF($B$1="Japanese",IF(INDEX(keycodes!$E:$E,MATCH(C13,keycodes!$A:$A,0),0)<>"",INDEX(keycodes!$E:$E,MATCH(C13,keycodes!$A:$A,0),0),INDEX(keycodes!$C:$C,MATCH(C13,keycodes!$A:$A,0),0)),INDEX(keycodes!$C:$C,MATCH(C13,keycodes!$B:$B,0),0))) -> KC_F2 | D45: =IF(D13="",keycodes!$C$2,IF($B$1="Japanese",IF(INDEX(keycodes!$E:$E,MATCH(D13,keycodes!$A:$A,0),0)<>"",INDEX(keycodes!$E:$E,MATCH(D13,keycodes!$A:$A,0),0),INDEX(keycodes!$C:$C,MATCH(D13,keycodes!$A:$A,0),0)),INDEX(keycodes!$C:$C,MATCH(D13,keycodes!$B:$B,0),0))) -> KC_F3 | E45: =IF(E13="",keycodes!$C$2,IF($B$1="Japanese",IF(INDEX(keycodes!$E:$E,MATCH(E13,keycodes!$A:$A,0),0)<>"",INDEX(keycodes!$E:$E,MATCH(E13,keycodes!$A:$A,0),0),INDEX(keycodes!$C:$C,MATCH(E13,keycodes!$A:$A,0),0)),INDEX(keycodes!$C:$C,MATCH(E13,keycodes!$B:$B,0),0))) -> KC_F4 | F45: =IF(F13="",keycodes!$C$2,IF($B$1="Japanese",IF(INDEX(keycodes!$E:$E,MATCH(F13,keycodes!$A:$A,0),0)<>"",INDEX(keycodes!$E:$E,MATCH(F13,keycodes!$A:$A,0),0),INDEX(keycodes!$C:$C,MATCH(F13,keycodes!$A:$A,0),0)),INDEX(keycodes!$C:$C,MATCH(F13,keycodes!$B:$B,0),0))) -> KC_F5 | G45: =IF(G13="",keycodes!$C$2,IF($B$1="Japanese",IF(INDEX(keycodes!$E:$E,MATCH(G13,keycodes!$A:$A,0),0)<>"",INDEX(keycodes!$E:$E,MATCH(G13,keycodes!$A:$A,0),0),INDEX(keycodes!$C:$C,MATCH(G13,keycodes!$A:$A,0),0)),INDEX(keycodes!$C:$C,MATCH(G13,keycodes!$B:$B,0),0))) -> KC_F6 | H45: =IF(H13="",keycodes!$C$2,IF($B$1="Japanese",IF(INDEX(keycodes!$E:$E,MATCH(H13,keycodes!$A:$A,0),0)<>"",INDEX(keycodes!$E:$E,MATCH(H13,keycodes!$A:$A,0),0),INDEX(keycodes!$C:$C,MATCH(H13,keycodes!$A:$A,0),0)),INDEX(keycodes!$C:$C,MATCH(H13,keycodes!$B:$B,0),0))) -> NONE | I45: =IF(I13="",keycodes!$C$2,IF($B$1="Japanese",IF(INDEX(keycodes!$E:$E,MATCH(I13,keycodes!$A:$A,0),0)<>"",INDEX(keycodes!$E:$E,MATCH(I13,keycodes!$A:$A,0),0),INDEX(keycodes!$C:$C,MATCH(I13,keycodes!$A:$A,0),0)),INDEX(keycodes!$C:$C,MATCH(I13,keycodes!$B:$B,0),0))) -> NONE | ... O45: =IF(O13="",keycodes!$C$2,IF($B$1="Japanese",IF(INDEX(keycodes!$E:$E,MATCH(O13,keycodes!$A:$A,0),0)<>"",INDEX(keycodes!$E:$E,MATCH(O13,keycodes!$A:$A,0),0),INDEX(keycodes!$C:$C,MATCH(O13,keycodes!$A:$A,0),0)),INDEX(keycodes!$C:$C,MATCH(O13,keycodes!$B:$B,0),0))) -> KC_F12
B46: =IF(B14="",keycodes!$C$2,IF($B$1="Japanese",IF(INDEX(keycodes!$E:$E,MATCH(B14,keycodes!$A:$A,0),0)<>"",INDEX(keycodes!$E:$E,MATCH(B14,keycodes!$A:$A,0),0),INDEX(keycodes!$C:$C,MATCH(B14,keycodes!$A:$A,0),0)),INDEX(keycodes!$C:$C,MATCH(B14,keycodes!$B:$B,0),0))) -> XXXXXXX | C46: =IF(C14="",keycodes!$C$2,IF($B$1="Japanese",IF(INDEX(keycodes!$E:$E,MATCH(C14,keycodes!$A:$A,0),0)<>"",INDEX(keycodes!$E:$E,MATCH(C14,keycodes!$A:$A,0),0),INDEX(keycodes!$C:$C,MATCH(C14,keycodes!$A:$A,0),0)),INDEX(keycodes!$C:$C,MATCH(C14,keycodes!$B:$B,0),0))) -> XXXXXXX | D46: =IF(D14="",keycodes!$C$2,IF($B$1="Japanese",IF(INDEX(keycodes!$E:$E,MATCH(D14,keycodes!$A:$A,0),0)<>"",INDEX(keycodes!$E:$E,MATCH(D14,keycodes!$A:$A,0),0),INDEX(keycodes!$C:$C,MATCH(D14,keycodes!$A:$A,0),0)),INDEX(keycodes!$C:$C,MATCH(D14,keycodes!$B:$B,0),0))) -> XXXXXXX | E46: =IF(E14="",keycodes!$C$2,IF($B$1="Japanese",IF(INDEX(keycodes!$E:$E,MATCH(E14,keycodes!$A:$A,0),0)<>"",INDEX(keycodes!$E:$E,MATCH(E14,keycodes!$A:$A,0),0),INDEX(keycodes!$C:$C,MATCH(E14,keycodes!$A:$A,0),0)),INDEX(keycodes!$C:$C,MATCH(E14,keycodes!$B:$B,0),0))) -> XXXXXXX | F46: =IF(F14="",keycodes!$C$2,IF($B$1="Japanese",IF(INDEX(keycodes!$E:$E,MATCH(F14,keycodes!$A:$A,0),0)<>"",INDEX(keycodes!$E:$E,MATCH(F14,keycodes!$A:$A,0),0),INDEX(keycodes!$C:$C,MATCH(F14,keycodes!$A:$A,0),0)),INDEX(keycodes!$C:$C,MATCH(F14,keycodes!$B:$B,0),0))) -> XXXXXXX | G46: =IF(G14="",keycodes!$C$2,IF($B$1="Japanese",IF(INDEX(keycodes!$E:$E,MATCH(G14,keycodes!$A:$A,0),0)<>"",INDEX(keycodes!$E:$E,MATCH(G14,keycodes!$A:$A,0),0),INDEX(keycodes!$C:$C,MATCH(G14,keycodes!$A:$A,0),0)),INDEX(keycodes!$C:$C,MATCH(G14,keycodes!$B:$B,0),0))) -> XXXXXXX | H46: =IF(H14="",keycodes!$C$2,IF($B$1="Japanese",IF(INDEX(keycodes!$E:$E,MATCH(H14,keycodes!$A:$A,0),0)<>"",INDEX(keycodes!$E:$E,MATCH(H14,keycodes!$A:$A,0),0),INDEX(keycodes!$C:$C,MATCH(H14,keycodes!$A:$A,0),0)),INDEX(keycodes!$C:$C,MATCH(H14,keycodes!$B:$B,0),0))) -> NONE | I46: =IF(I14="",keycodes!$C$2,IF($B$1="Japanese",IF(INDEX(keycodes!$E:$E,MATCH(I14,keycodes!$A:$A,0),0)<>"",INDEX(keycodes!$E:$E,MATCH(I14,keycodes!$A:$A,0),0),INDEX(keycodes!$C:$C,MATCH(I14,keycodes!$A:$A,0),0)),INDEX(keycodes!$C:$C,MATCH(I14,keycodes!$B:$B,0),0))) -> NONE | ... O46: =IF(O14="",keycodes!$C$2,IF($B$1="Japanese",IF(INDEX(keycodes!$E:$E,MATCH(O14,keycodes!$A:$A,0),0)<>"",INDEX(keycodes!$E:$E,MATCH(O14,keycodes!$A:$A,0),0),INDEX(keycodes!$C:$C,MATCH(O14,keycodes!$A:$A,0),0)),INDEX(keycodes!$C:$C,MATCH(O14,keycodes!$B:$B,0),0))) -> XXXXXXX
B47: =IF(B15="",keycodes!$C$2,IF($B$1="Japanese",IF(INDEX(keycodes!$E:$E,MATCH(B15,keycodes!$A:$A,0),0)<>"",INDEX(keycodes!$E:$E,MATCH(B15,keycodes!$A:$A,0),0),INDEX(keycodes!$C:$C,MATCH(B15,keycodes!$A:$A,0),0)),INDEX(keycodes!$C:$C,MATCH(B15,keycodes!$B:$B,0),0))) -> KC_GRV | C47: =IF(C15="",keycodes!$C$2,IF($B$1="Japanese",IF(INDEX(keycodes!$E:$E,MATCH(C15,keycodes!$A:$A,0),0)<>"",INDEX(keycodes!$E:$E,MATCH(C15,keycodes!$A:$A,0),0),INDEX(keycodes!$C:$C,MATCH(C15,keycodes!$A:$A,0),0)),INDEX(keycodes!$C:$C,MATCH(C15,keycodes!$B:$B,0),0))) -> KC_1 | D47: =IF(D15="",keycodes!$C$2,IF($B$1="Japanese",IF(INDEX(keycodes!$E:$E,MATCH(D15,keycodes!$A:$A,0),0)<>"",INDEX(keycodes!$E:$E,MATCH(D15,keycodes!$A:$A,0),0),INDEX(keycodes!$C:$C,MATCH(D15,keycodes!$A:$A,0),0)),INDEX(keycodes!$C:$C,MATCH(D15,keycodes!$B:$B,0),0))) -> KC_2 | E47: =IF(E15="",keycodes!$C$2,IF($B$1="Japanese",IF(INDEX(keycodes!$E:$E,MATCH(E15,keycodes!$A:$A,0),0)<>"",INDEX(keycodes!$E:$E,MATCH(E15,keycodes!$A:$A,0),0),INDEX(keycodes!$C:$C,MATCH(E15,keycodes!$A:$A,0),0)),INDEX(keycodes!$C:$C,MATCH(E15,keycodes!$B:$B,0),0))) -> KC_3 | F47: =IF(F15="",keycodes!$C$2,IF($B$1="Japanese",IF(INDEX(keycodes!$E:$E,MATCH(F15,keycodes!$A:$A,0),0)<>"",INDEX(keycodes!$E:$E,MATCH(F15,keycodes!$A:$A,0),0),INDEX(keycodes!$C:$C,MATCH(F15,keycodes!$A:$A,0),0)),INDEX(keycodes!$C:$C,MATCH(F15,keycodes!$B:$B,0),0))) -> KC_4 | G47: =IF(G15="",keycodes!$C$2,IF($B$1="Japanese",IF(INDEX(keycodes!$E:$E,MATCH(G15,keycodes!$A:$A,0),0)<>"",INDEX(keycodes!$E:$E,MATCH(G15,keycodes!$A:$A,0),0),INDEX(keycodes!$C:$C,MATCH(G15,keycodes!$A:$A,0),0)),INDEX(keycodes!$C:$C,MATCH(G15,keycodes!$B:$B,0),0))) -> KC_5 | H47: =IF(H15="",keycodes!$C$2,IF($B$1="Japanese",IF(INDEX(keycodes!$E:$E,MATCH(H15,keycodes!$A:$A,0),0)<>"",INDEX(keycodes!$E:$E,MATCH(H15,keycodes!$A:$A,0),0),INDEX(keycodes!$C:$C,MATCH(H15,keycodes!$A:$A,0),0)),INDEX(keycodes!$C:$C,MATCH(H15,keycodes!$B:$B,0),0))) -> NONE | I47: =IF(I15="",keycodes!$C$2,IF($B$1="Japanese",IF(INDEX(keycodes!$E:$E,MATCH(I15,keycodes!$A:$A,0),0)<>"",INDEX(keycodes!$E:$E,MATCH(I15,keycodes!$A:$A,0),0),INDEX(keycodes!$C:$C,MATCH(I15,keycodes!$A:$A,0),0)),INDEX(keycodes!$C:$C,MATCH(I15,keycodes!$B:$B,0),0))) -> NONE | ... O47: =IF(O15="",keycodes!$C$2,IF($B$1="Japanese",IF(INDEX(keycodes!$E:$E,MATCH(O15,keycodes!$A:$A,0),0)<>"",INDEX(keycodes!$E:$E,MATCH(O15,keycodes!$A:$A,0),0),INDEX(keycodes!$C:$C,MATCH(O15,keycodes!$A:$A,0),0)),INDEX(keycodes!$C:$C,MATCH(O15,keycodes!$B:$B,0),0))) -> _______
B48: =IF(B16="",keycodes!$C$2,IF($B$1="Japanese",IF(INDEX(keycodes!$E:$E,MATCH(B16,keycodes!$A:$A,0),0)<>"",INDEX(keycodes!$E:$E,MATCH(B16,keycodes!$A:$A,0),0),INDEX(keycodes!$C:$C,MATCH(B16,keycodes!$A:$A,0),0)),INDEX(keycodes!$C:$C,MATCH(B16,keycodes!$B:$B,0),0))) -> _______ | C48: =IF(C16="",keycodes!$C$2,IF($B$1="Japanese",IF(INDEX(keycodes!$E:$E,MATCH(C16,keycodes!$A:$A,0),0)<>"",INDEX(keycodes!$E:$E,MATCH(C16,keycodes!$A:$A,0),0),INDEX(keycodes!$C:$C,MATCH(C16,keycodes!$A:$A,0),0)),INDEX(keycodes!$C:$C,MATCH(C16,keycodes!$B:$B,0),0))) -> _______ | D48: =IF(D16="",keycodes!$C$2,IF($B$1="Japanese",IF(INDEX(keycodes!$E:$E,MATCH(D16,keycodes!$A:$A,0),0)<>"",INDEX(keycodes!$E:$E,MATCH(D16,keycodes!$A:$A,0),0),INDEX(keycodes!$C:$C,MATCH(D16,keycodes!$A:$A,0),0)),INDEX(keycodes!$C:$C,MATCH(D16,keycodes!$B:$B,0),0))) -> MS_WHLL | E48: =IF(E16="",keycodes!$C$2,IF($B$1="Japanese",IF(INDEX(keycodes!$E:$E,MATCH(E16,keycodes!$A:$A,0),0)<>"",INDEX(keycodes!$E:$E,MATCH(E16,keycodes!$A:$A,0),0),INDEX(keycodes!$C:$C,MATCH(E16,keycodes!$A:$A,0),0)),INDEX(keycodes!$C:$C,MATCH(E16,keycodes!$B:$B,0),0))) -> MS_WHLR | F48: =IF(F16="",keycodes!$C$2,IF($B$1="Japanese",IF(INDEX(keycodes!$E:$E,MATCH(F16,keycodes!$A:$A,0),0)<>"",INDEX(keycodes!$E:$E,MATCH(F16,keycodes!$A:$A,0),0),INDEX(keycodes!$C:$C,MATCH(F16,keycodes!$A:$A,0),0)),INDEX(keycodes!$C:$C,MATCH(F16,keycodes!$B:$B,0),0))) -> _______ | G48: =IF(G16="",keycodes!$C$2,IF($B$1="Japanese",IF(INDEX(keycodes!$E:$E,MATCH(G16,keycodes!$A:$A,0),0)<>"",INDEX(keycodes!$E:$E,MATCH(G16,keycodes!$A:$A,0),0),INDEX(keycodes!$C:$C,MATCH(G16,keycodes!$A:$A,0),0)),INDEX(keycodes!$C:$C,MATCH(G16,keycodes!$B:$B,0),0))) -> _______ | H48: =IF(H16="",keycodes!$C$2,IF($B$1="Japanese",IF(INDEX(keycodes!$E:$E,MATCH(H16,keycodes!$A:$A,0),0)<>"",INDEX(keycodes!$E:$E,MATCH(H16,keycodes!$A:$A,0),0),INDEX(keycodes!$C:$C,MATCH(H16,keycodes!$A:$A,0),0)),INDEX(keycodes!$C:$C,MATCH(H16,keycodes!$B:$B,0),0))) -> _______ | I48: =IF(I16="",keycodes!$C$2,IF($B$1="Japanese",IF(INDEX(keycodes!$E:$E,MATCH(I16,keycodes!$A:$A,0),0)<>"",INDEX(keycodes!$E:$E,MATCH(I16,keycodes!$A:$A,0),0),INDEX(keycodes!$C:$C,MATCH(I16,keycodes!$A:$A,0),0)),INDEX(keycodes!$C:$C,MATCH(I16,keycodes!$B:$B,0),0))) -> _______ | ... O48: =IF(O16="",keycodes!$C$2,IF($B$1="Japanese",IF(INDEX(keycodes!$E:$E,MATCH(O16,keycodes!$A:$A,0),0)<>"",INDEX(keycodes!$E:$E,MATCH(O16,keycodes!$A:$A,0),0),INDEX(keycodes!$C:$C,MATCH(O16,keycodes!$A:$A,0),0)),INDEX(keycodes!$C:$C,MATCH(O16,keycodes!$B:$B,0),0))) -> KC_INT1
B49: =IF(B17="",keycodes!$C$2,IF($B$1="Japanese",IF(INDEX(keycodes!$E:$E,MATCH(B17,keycodes!$A:$A,0),0)<>"",INDEX(keycodes!$E:$E,MATCH(B17,keycodes!$A:$A,0),0),INDEX(keycodes!$C:$C,MATCH(B17,keycodes!$A:$A,0),0)),INDEX(keycodes!$C:$C,MATCH(B17,keycodes!$B:$B,0),0))) -> NONE | C49: =IF(C17="",keycodes!$C$2,IF($B$1="Japanese",IF(INDEX(keycodes!$E:$E,MATCH(C17,keycodes!$A:$A,0),0)<>"",INDEX(keycodes!$E:$E,MATCH(C17,keycodes!$A:$A,0),0),INDEX(keycodes!$C:$C,MATCH(C17,keycodes!$A:$A,0),0)),INDEX(keycodes!$C:$C,MATCH(C17,keycodes!$B:$B,0),0))) -> NONE | D49: =IF(D17="",keycodes!$C$2,IF($B$1="Japanese",IF(INDEX(keycodes!$E:$E,MATCH(D17,keycodes!$A:$A,0),0)<>"",INDEX(keycodes!$E:$E,MATCH(D17,keycodes!$A:$A,0),0),INDEX(keycodes!$C:$C,MATCH(D17,keycodes!$A:$A,0),0)),INDEX(keycodes!$C:$C,MATCH(D17,keycodes!$B:$B,0),0))) -> NONE | E49: =IF(E17="",keycodes!$C$2,IF($B$1="Japanese",IF(INDEX(keycodes!$E:$E,MATCH(E17,keycodes!$A:$A,0),0)<>"",INDEX(keycodes!$E:$E,MATCH(E17,keycodes!$A:$A,0),0),INDEX(keycodes!$C:$C,MATCH(E17,keycodes!$A:$A,0),0)),INDEX(keycodes!$C:$C,MATCH(E17,keycodes!$B:$B,0),0))) -> _______ | F49: =IF(F17="",keycodes!$C$2,IF($B$1="Japanese",IF(INDEX(keycodes!$E:$E,MATCH(F17,keycodes!$A:$A,0),0)<>"",INDEX(keycodes!$E:$E,MATCH(F17,keycodes!$A:$A,0),0),INDEX(keycodes!$C:$C,MATCH(F17,keycodes!$A:$A,0),0)),INDEX(keycodes!$C:$C,MATCH(F17,keycodes!$B:$B,0),0))) -> _______ | G49: =IF(G17="",keycodes!$C$2,IF($B$1="Japanese",IF(INDEX(keycodes!$E:$E,MATCH(G17,keycodes!$A:$A,0),0)<>"",INDEX(keycodes!$E:$E,MATCH(G17,keycodes!$A:$A,0),0),INDEX(keycodes!$C:$C,MATCH(G17,keycodes!$A:$A,0),0)),INDEX(keycodes!$C:$C,MATCH(G17,keycodes!$B:$B,0),0))) -> _______ | H49: =IF(H17="",keycodes!$C$2,IF($B$1="Japanese",IF(INDEX(keycodes!$E:$E,MATCH(H17,keycodes!$A:$A,0),0)<>"",INDEX(keycodes!$E:$E,MATCH(H17,keycodes!$A:$A,0),0),INDEX(keycodes!$C:$C,MATCH(H17,keycodes!$A:$A,0),0)),INDEX(keycodes!$C:$C,MATCH(H17,keycodes!$B:$B,0),0))) -> _______ | I49: =IF(I17="",keycodes!$C$2,IF($B$1="Japanese",IF(INDEX(keycodes!$E:$E,MATCH(I17,keycodes!$A:$A,0),0)<>"",INDEX(keycodes!$E:$E,MATCH(I17,keycodes!$A:$A,0),0),INDEX(keycodes!$C:$C,MATCH(I17,keycodes!$A:$A,0),0)),INDEX(keycodes!$C:$C,MATCH(I17,keycodes!$B:$B,0),0))) -> _______ | ... O49: =IF(O17="",keycodes!$C$2,IF($B$1="Japanese",IF(INDEX(keycodes!$E:$E,MATCH(O17,keycodes!$A:$A,0),0)<>"",INDEX(keycodes!$E:$E,MATCH(O17,keycodes!$A:$A,0),0),INDEX(keycodes!$C:$C,MATCH(O17,keycodes!$A:$A,0),0)),INDEX(keycodes!$C:$C,MATCH(O17,keycodes!$B:$B,0),0))) -> TERM
A50: ADJUST | B50: =IF(B18="",keycodes!$C$2,IF($B$1="Japanese",IF(INDEX(keycodes!$E:$E,MATCH(B18,keycodes!$A:$A,0),0)<>"",INDEX(keycodes!$E:$E,MATCH(B18,keycodes!$A:$A,0),0),INDEX(keycodes!$C:$C,MATCH(B18,keycodes!$A:$A,0),0)),INDEX(keycodes!$C:$C,MATCH(B18,keycodes!$B:$B,0),0))) -> KC_ESC | C50: =IF(C18="",keycodes!$C$2,IF($B$1="Japanese",IF(INDEX(keycodes!$E:$E,MATCH(C18,keycodes!$A:$A,0),0)<>"",INDEX(keycodes!$E:$E,MATCH(C18,keycodes!$A:$A,0),0),INDEX(keycodes!$C:$C,MATCH(C18,keycodes!$A:$A,0),0)),INDEX(keycodes!$C:$C,MATCH(C18,keycodes!$B:$B,0),0))) -> KC_1 | D50: =IF(D18="",keycodes!$C$2,IF($B$1="Japanese",IF(INDEX(keycodes!$E:$E,MATCH(D18,keycodes!$A:$A,0),0)<>"",INDEX(keycodes!$E:$E,MATCH(D18,keycodes!$A:$A,0),0),INDEX(keycodes!$C:$C,MATCH(D18,keycodes!$A:$A,0),0)),INDEX(keycodes!$C:$C,MATCH(D18,keycodes!$B:$B,0),0))) -> KC_2 | E50: =IF(E18="",keycodes!$C$2,IF($B$1="Japanese",IF(INDEX(keycodes!$E:$E,MATCH(E18,keycodes!$A:$A,0),0)<>"",INDEX(keycodes!$E:$E,MATCH(E18,keycodes!$A:$A,0),0),INDEX(keycodes!$C:$C,MATCH(E18,keycodes!$A:$A,0),0)),INDEX(keycodes!$C:$C,MATCH(E18,keycodes!$B:$B,0),0))) -> KC_3 | F50: =IF(F18="",keycodes!$C$2,IF($B$1="Japanese",IF(INDEX(keycodes!$E:$E,MATCH(F18,keycodes!$A:$A,0),0)<>"",INDEX(keycodes!$E:$E,MATCH(F18,keycodes!$A:$A,0),0),INDEX(keycodes!$C:$C,MATCH(F18,keycodes!$A:$A,0),0)),INDEX(keycodes!$C:$C,MATCH(F18,keycodes!$B:$B,0),0))) -> KC_4 | G50: =IF(G18="",keycodes!$C$2,IF($B$1="Japanese",IF(INDEX(keycodes!$E:$E,MATCH(G18,keycodes!$A:$A,0),0)<>"",INDEX(keycodes!$E:$E,MATCH(G18,keycodes!$A:$A,0),0),INDEX(keycodes!$C:$C,MATCH(G18,keycodes!$A:$A,0),0)),INDEX(keycodes!$C:$C,MATCH(G18,keycodes!$B:$B,0),0))) -> KC_5 | H50: =IF(H18="",keycodes!$C$2,IF($B$1="Japanese",IF(INDEX(keycodes!$E:$E,MATCH(H18,keycodes!$A:$A,0),0)<>"",INDEX(keycodes!$E:$E,MATCH(H18,keycodes!$A:$A,0),0),INDEX(keycodes!$C:$C,MATCH(H18,keycodes!$A:$A,0),0)),INDEX(keycodes!$C:$C,MATCH(H18,keycodes!$B:$B,0),0))) -> NONE | I50: =IF(I18="",keycodes!$C$2,IF($B$1="Japanese",IF(INDEX(keycodes!$E:$E,MATCH(I18,keycodes!$A:$A,0),0)<>"",INDEX(keycodes!$E:$E,MATCH(I18,keycodes!$A:$A,0),0),INDEX(keycodes!$C:$C,MATCH(I18,keycodes!$A:$A,0),0)),INDEX(keycodes!$C:$C,MATCH(I18,keycodes!$B:$B,0),0))) -> NONE | ... O50: =IF(O18="",keycodes!$C$2,IF($B$1="Japanese",IF(INDEX(keycodes!$E:$E,MATCH(O18,keycodes!$A:$A,0),0)<>"",INDEX(keycodes!$E:$E,MATCH(O18,keycodes!$A:$A,0),0),INDEX(keycodes!$C:$C,MATCH(O18,keycodes!$A:$A,0),0)),INDEX(keycodes!$C:$C,MATCH(O18,keycodes!$B:$B,0),0))) -> KC_MINS
B51: =IF(B19="",keycodes!$C$2,IF($B$1="Japanese",IF(INDEX(keycodes!$E:$E,MATCH(B19,keycodes!$A:$A,0),0)<>"",INDEX(keycodes!$E:$E,MATCH(B19,keycodes!$A:$A,0),0),INDEX(keycodes!$C:$C,MATCH(B19,keycodes!$A:$A,0),0)),INDEX(keycodes!$C:$C,MATCH(B19,keycodes!$B:$B,0),0))) -> KC_TAB | C51: =IF(C19="",keycodes!$C$2,IF($B$1="Japanese",IF(INDEX(keycodes!$E:$E,MATCH(C19,keycodes!$A:$A,0),0)<>"",INDEX(keycodes!$E:$E,MATCH(C19,keycodes!$A:$A,0),0),INDEX(keycodes!$C:$C,MATCH(C19,keycodes!$A:$A,0),0)),INDEX(keycodes!$C:$C,MATCH(C19,keycodes!$B:$B,0),0))) -> KC_Q | D51: =IF(D19="",keycodes!$C$2,IF($B$1="Japanese",IF(INDEX(keycodes!$E:$E,MATCH(D19,keycodes!$A:$A,0),0)<>"",INDEX(keycodes!$E:$E,MATCH(D19,keycodes!$A:$A,0),0),INDEX(keycodes!$C:$C,MATCH(D19,keycodes!$A:$A,0),0)),INDEX(keycodes!$C:$C,MATCH(D19,keycodes!$B:$B,0),0))) -> KC_W | E51: =IF(E19="",keycodes!$C$2,IF($B$1="Japanese",IF(INDEX(keycodes!$E:$E,MATCH(E19,keycodes!$A:$A,0),0)<>"",INDEX(keycodes!$E:$E,MATCH(E19,keycodes!$A:$A,0),0),INDEX(keycodes!$C:$C,MATCH(E19,keycodes!$A:$A,0),0)),INDEX(keycodes!$C:$C,MATCH(E19,keycodes!$B:$B,0),0))) -> KC_E | F51: =IF(F19="",keycodes!$C$2,IF($B$1="Japanese",IF(INDEX(keycodes!$E:$E,MATCH(F19,keycodes!$A:$A,0),0)<>"",INDEX(keycodes!$E:$E,MATCH(F19,keycodes!$A:$A,0),0),INDEX(keycodes!$C:$C,MATCH(F19,keycodes!$A:$A,0),0)),INDEX(keycodes!$C:$C,MATCH(F19,keycodes!$B:$B,0),0))) -> KC_R | G51: =IF(G19="",keycodes!$C$2,IF($B$1="Japanese",IF(INDEX(keycodes!$E:$E,MATCH(G19,keycodes!$A:$A,0),0)<>"",INDEX(keycodes!$E:$E,MATCH(G19,keycodes!$A:$A,0),0),INDEX(keycodes!$C:$C,MATCH(G19,keycodes!$A:$A,0),0)),INDEX(keycodes!$C:$C,MATCH(G19,keycodes!$B:$B,0),0))) -> KC_T | H51: =IF(H19="",keycodes!$C$2,IF($B$1="Japanese",IF(INDEX(keycodes!$E:$E,MATCH(H19,keycodes!$A:$A,0),0)<>"",INDEX(keycodes!$E:$E,MATCH(H19,keycodes!$A:$A,0),0),INDEX(keycodes!$C:$C,MATCH(H19,keycodes!$A:$A,0),0)),INDEX(keycodes!$C:$C,MATCH(H19,keycodes!$B:$B,0),0))) -> NONE | I51: =IF(I19="",keycodes!$C$2,IF($B$1="Japanese",IF(INDEX(keycodes!$E:$E,MATCH(I19,keycodes!$A:$A,0),0)<>"",INDEX(keycodes!$E:$E,MATCH(I19,keycodes!$A:$A,0),0),INDEX(keycodes!$C:$C,MATCH(I19,keycodes!$A:$A,0),0)),INDEX(keycodes!$C:$C,MATCH(I19,keycodes!$B:$B,0),0))) -> NONE | ... O51: =IF(O19="",keycodes!$C$2,IF($B$1="Japanese",IF(INDEX(keycodes!$E:$E,MATCH(O19,keycodes!$A:$A,0),0)<>"",INDEX(keycodes!$E:$E,MATCH(O19,keycodes!$A:$A,0),0),INDEX(keycodes!$C:$C,MATCH(O19,keycodes!$A:$A,0),0)),INDEX(keycodes!$C:$C,MATCH(O19,keycodes!$B:$B,0),0))) -> KC_LBRC
B52: =IF(B20="",keycodes!$C$2,IF($B$1="Japanese",IF(INDEX(keycodes!$E:$E,MATCH(B20,keycodes!$A:$A,0),0)<>"",INDEX(keycodes!$E:$E,MATCH(B20,keycodes!$A:$A,0),0),INDEX(keycodes!$C:$C,MATCH(B20,keycodes!$A:$A,0),0)),INDEX(keycodes!$C:$C,MATCH(B20,keycodes!$B:$B,0),0))) -> KC_LCTL | C52: =IF(C20="",keycodes!$C$2,IF($B$1="Japanese",IF(INDEX(keycodes!$E:$E,MATCH(C20,keycodes!$A:$A,0),0)<>"",INDEX(keycodes!$E:$E,MATCH(C20,keycodes!$A:$A,0),0),INDEX(keycodes!$C:$C,MATCH(C20,keycodes!$A:$A,0),0)),INDEX(keycodes!$C:$C,MATCH(C20,keycodes!$B:$B,0),0))) -> KC_A | D52: =IF(D20="",keycodes!$C$2,IF($B$1="Japanese",IF(INDEX(keycodes!$E:$E,MATCH(D20,keycodes!$A:$A,0),0)<>"",INDEX(keycodes!$E:$E,MATCH(D20,keycodes!$A:$A,0),0),INDEX(keycodes!$C:$C,MATCH(D20,keycodes!$A:$A,0),0)),INDEX(keycodes!$C:$C,MATCH(D20,keycodes!$B:$B,0),0))) -> KC_S | E52: =IF(E20="",keycodes!$C$2,IF($B$1="Japanese",IF(INDEX(keycodes!$E:$E,MATCH(E20,keycodes!$A:$A,0),0)<>"",INDEX(keycodes!$E:$E,MATCH(E20,keycodes!$A:$A,0),0),INDEX(keycodes!$C:$C,MATCH(E20,keycodes!$A:$A,0),0)),INDEX(keycodes!$C:$C,MATCH(E20,keycodes!$B:$B,0),0))) -> KC_D | F52: =IF(F20="",keycodes!$C$2,IF($B$1="Japanese",IF(INDEX(keycodes!$E:$E,MATCH(F20,keycodes!$A:$A,0),0)<>"",INDEX(keycodes!$E:$E,MATCH(F20,keycodes!$A:$A,0),0),INDEX(keycodes!$C:$C,MATCH(F20,keycodes!$A:$A,0),0)),INDEX(keycodes!$C:$C,MATCH(F20,keycodes!$B:$B,0),0))) -> KC_F | G52: =IF(G20="",keycodes!$C$2,IF($B$1="Japanese",IF(INDEX(keycodes!$E:$E,MATCH(G20,keycodes!$A:$A,0),0)<>"",INDEX(keycodes!$E:$E,MATCH(G20,keycodes!$A:$A,0),0),INDEX(keycodes!$C:$C,MATCH(G20,keycodes!$A:$A,0),0)),INDEX(keycodes!$C:$C,MATCH(G20,keycodes!$B:$B,0),0))) -> KC_G | H52: =IF(H20="",keycodes!$C$2,IF($B$1="Japanese",IF(INDEX(keycodes!$E:$E,MATCH(H20,keycodes!$A:$A,0),0)<>"",INDEX(keycodes!$E:$E,MATCH(H20,keycodes!$A:$A,0),0),INDEX(keycodes!$C:$C,MATCH(H20,keycodes!$A:$A,0),0)),INDEX(keycodes!$C:$C,MATCH(H20,keycodes!$B:$B,0),0))) -> NONE | I52: =IF(I20="",keycodes!$C$2,IF($B$1="Japanese",IF(INDEX(keycodes!$E:$E,MATCH(I20,keycodes!$A:$A,0),0)<>"",INDEX(keycodes!$E:$E,MATCH(I20,keycodes!$A:$A,0),0),INDEX(keycodes!$C:$C,MATCH(I20,keycodes!$A:$A,0),0)),INDEX(keycodes!$C:$C,MATCH(I20,keycodes!$B:$B,0),0))) -> NONE | ... O52: =IF(O20="",keycodes!$C$2,IF($B$1="Japanese",IF(INDEX(keycodes!$E:$E,MATCH(O20,keycodes!$A:$A,0),0)<>"",INDEX(keycodes!$E:$E,MATCH(O20,keycodes!$A:$A,0),0),INDEX(keycodes!$C:$C,MATCH(O20,keycodes!$A:$A,0),0)),INDEX(keycodes!$C:$C,MATCH(O20,keycodes!$B:$B,0),0))) -> KC_QUOT
B53: =IF(B21="",keycodes!$C$2,IF($B$1="Japanese",IF(INDEX(keycodes!$E:$E,MATCH(B21,keycodes!$A:$A,0),0)<>"",INDEX(keycodes!$E:$E,MATCH(B21,keycodes!$A:$A,0),0),INDEX(keycodes!$C:$C,MATCH(B21,keycodes!$A:$A,0),0)),INDEX(keycodes!$C:$C,MATCH(B21,keycodes!$B:$B,0),0))) -> KC_LSFT | C53: =IF(C21="",keycodes!$C$2,IF($B$1="Japanese",IF(INDEX(keycodes!$E:$E,MATCH(C21,keycodes!$A:$A,0),0)<>"",INDEX(keycodes!$E:$E,MATCH(C21,keycodes!$A:$A,0),0),INDEX(keycodes!$C:$C,MATCH(C21,keycodes!$A:$A,0),0)),INDEX(keycodes!$C:$C,MATCH(C21,keycodes!$B:$B,0),0))) -> KC_Z | D53: =IF(D21="",keycodes!$C$2,IF($B$1="Japanese",IF(INDEX(keycodes!$E:$E,MATCH(D21,keycodes!$A:$A,0),0)<>"",INDEX(keycodes!$E:$E,MATCH(D21,keycodes!$A:$A,0),0),INDEX(keycodes!$C:$C,MATCH(D21,keycodes!$A:$A,0),0)),INDEX(keycodes!$C:$C,MATCH(D21,keycodes!$B:$B,0),0))) -> KC_X | E53: =IF(E21="",keycodes!$C$2,IF($B$1="Japanese",IF(INDEX(keycodes!$E:$E,MATCH(E21,keycodes!$A:$A,0),0)<>"",INDEX(keycodes!$E:$E,MATCH(E21,keycodes!$A:$A,0),0),INDEX(keycodes!$C:$C,MATCH(E21,keycodes!$A:$A,0),0)),INDEX(keycodes!$C:$C,MATCH(E21,keycodes!$B:$B,0),0))) -> KC_C | F53: =IF(F21="",keycodes!$C$2,IF($B$1="Japanese",IF(INDEX(keycodes!$E:$E,MATCH(F21,keycodes!$A:$A,0),0)<>"",INDEX(keycodes!$E:$E,MATCH(F21,keycodes!$A:$A,0),0),INDEX(keycodes!$C:$C,MATCH(F21,keycodes!$A:$A,0),0)),INDEX(keycodes!$C:$C,MATCH(F21,keycodes!$B:$B,0),0))) -> KC_V | G53: =IF(G21="",keycodes!$C$2,IF($B$1="Japanese",IF(INDEX(keycodes!$E:$E,MATCH(G21,keycodes!$A:$A,0),0)<>"",INDEX(keycodes!$E:$E,MATCH(G21,keycodes!$A:$A,0),0),INDEX(keycodes!$C:$C,MATCH(G21,keycodes!$A:$A,0),0)),INDEX(keycodes!$C:$C,MATCH(G21,keycodes!$B:$B,0),0))) -> KC_B | H53: =IF(H21="",keycodes!$C$2,IF($B$1="Japanese",IF(INDEX(keycodes!$E:$E,MATCH(H21,keycodes!$A:$A,0),0)<>"",INDEX(keycodes!$E:$E,MATCH(H21,keycodes!$A:$A,0),0),INDEX(keycodes!$C:$C,MATCH(H21,keycodes!$A:$A,0),0)),INDEX(keycodes!$C:$C,MATCH(H21,keycodes!$B:$B,0),0))) -> _______ | I53: =IF(I21="",keycodes!$C$2,IF($B$1="Japanese",IF(INDEX(keycodes!$E:$E,MATCH(I21,keycodes!$A:$A,0),0)<>"",INDEX(keycodes!$E:$E,MATCH(I21,keycodes!$A:$A,0),0),INDEX(keycodes!$C:$C,MATCH(I21,keycodes!$A:$A,0),0)),INDEX(keycodes!$C:$C,MATCH(I21,keycodes!$B:$B,0),0))) -> _______ | ... O53: =IF(O21="",keycodes!$C$2,IF($B$1="Japanese",IF(INDEX(keycodes!$E:$E,MATCH(O21,keycodes!$A:$A,0),0)<>"",INDEX(keycodes!$E:$E,MATCH(O21,keycodes!$A:$A,0),0),INDEX(keycodes!$C:$C,MATCH(O21,keycodes!$A:$A,0),0)),INDEX(keycodes!$C:$C,MATCH(O21,keycodes!$B:$B,0),0))) -> _______
B54: =IF(B22="",keycodes!$C$2,IF($B$1="Japanese",IF(INDEX(keycodes!$E:$E,MATCH(B22,keycodes!$A:$A,0),0)<>"",INDEX(keycodes!$E:$E,MATCH(B22,keycodes!$A:$A,0),0),INDEX(keycodes!$C:$C,MATCH(B22,keycodes!$A:$A,0),0)),INDEX(keycodes!$C:$C,MATCH(B22,keycodes!$B:$B,0),0))) -> NONE | C54: =IF(C22="",keycodes!$C$2,IF($B$1="Japanese",IF(INDEX(keycodes!$E:$E,MATCH(C22,keycodes!$A:$A,0),0)<>"",INDEX(keycodes!$E:$E,MATCH(C22,keycodes!$A:$A,0),0),INDEX(keycodes!$C:$C,MATCH(C22,keycodes!$A:$A,0),0)),INDEX(keycodes!$C:$C,MATCH(C22,keycodes!$B:$B,0),0))) -> NONE | D54: =IF(D22="",keycodes!$C$2,IF($B$1="Japanese",IF(INDEX(keycodes!$E:$E,MATCH(D22,keycodes!$A:$A,0),0)<>"",INDEX(keycodes!$E:$E,MATCH(D22,keycodes!$A:$A,0),0),INDEX(keycodes!$C:$C,MATCH(D22,keycodes!$A:$A,0),0)),INDEX(keycodes!$C:$C,MATCH(D22,keycodes!$B:$B,0),0))) -> NONE | E54: =IF(E22="",keycodes!$C$2,IF($B$1="Japanese",IF(INDEX(keycodes!$E:$E,MATCH(E22,keycodes!$A:$A,0),0)<>"",INDEX(keycodes!$E:$E,MATCH(E22,keycodes!$A:$A,0),0),INDEX(keycodes!$C:$C,MATCH(E22,keycodes!$A:$A,0),0)),INDEX(keycodes!$C:$C,MATCH(E22,keycodes!$B:$B,0),0))) -> _______ | F54: =IF(F22="",keycodes!$C$2,IF($B$1="Japanese",IF(INDEX(keycodes!$E:$E,MATCH(F22,keycodes!$A:$A,0),0)<>"",INDEX(keycodes!$E:$E,MATCH(F22,keycodes!$A:$A,0),0),INDEX(keycodes!$C:$C,MATCH(F22,keycodes!$A:$A,0),0)),INDEX(keycodes!$C:$C,MATCH(F22,keycodes!$B:$B,0),0))) -> TG_R | G54: =IF(G22="",keycodes!$C$2,IF($B$1="Japanese",IF(INDEX(keycodes!$E:$E,MATCH(G22,keycodes!$A:$A,0),0)<>"",INDEX(keycodes!$E:$E,MATCH(G22,keycodes!$A:$A,0),0),INDEX(keycodes!$C:$C,MATCH(G22,keycodes!$A:$A,0),0)),INDEX(keycodes!$C:$C,MATCH(G22,keycodes!$B:$B,0),0))) -> KC_SPC | H54: =IF(H22="",keycodes!$C$2,IF($B$1="Japanese",IF(INDEX(keycodes!$E:$E,MATCH(H22,keycodes!$A:$A,0),0)<>"",INDEX(keycodes!$E:$E,MATCH(H22,keycodes!$A:$A,0),0),INDEX(keycodes!$C:$C,MATCH(H22,keycodes!$A:$A,0),0)),INDEX(keycodes!$C:$C,MATCH(H22,keycodes!$B:$B,0),0))) -> MO_RA | I54: =IF(I22="",keycodes!$C$2,IF($B$1="Japanese",IF(INDEX(keycodes!$E:$E,MATCH(I22,keycodes!$A:$A,0),0)<>"",INDEX(keycodes!$E:$E,MATCH(I22,keycodes!$A:$A,0),0),INDEX(keycodes!$C:$C,MATCH(I22,keycodes!$A:$A,0),0)),INDEX(keycodes!$C:$C,MATCH(I22,keycodes!$B:$B,0),0))) -> MO_LA | ... O54: =IF(O22="",keycodes!$C$2,IF($B$1="Japanese",IF(INDEX(keycodes!$E:$E,MATCH(O22,keycodes!$A:$A,0),0)<>"",INDEX(keycodes!$E:$E,MATCH(O22,keycodes!$A:$A,0),0),INDEX(keycodes!$C:$C,MATCH(O22,keycodes!$A:$A,0),0)),INDEX(keycodes!$C:$C,MATCH(O22,keycodes!$B:$B,0),0))) -> TERM
A55: LOWER_ADJUST | B55: =IF(B23="",keycodes!$C$2,IF($B$1="Japanese",IF(INDEX(keycodes!$E:$E,MATCH(B23,keycodes!$A:$A,0),0)<>"",INDEX(keycodes!$E:$E,MATCH(B23,keycodes!$A:$A,0),0),INDEX(keycodes!$C:$C,MATCH(B23,keycodes!$A:$A,0),0)),INDEX(keycodes!$C:$C,MATCH(B23,keycodes!$B:$B,0),0))) -> _______ | C55: =IF(C23="",keycodes!$C$2,IF($B$1="Japanese",IF(INDEX(keycodes!$E:$E,MATCH(C23,keycodes!$A:$A,0),0)<>"",INDEX(keycodes!$E:$E,MATCH(C23,keycodes!$A:$A,0),0),INDEX(keycodes!$C:$C,MATCH(C23,keycodes!$A:$A,0),0)),INDEX(keycodes!$C:$C,MATCH(C23,keycodes!$B:$B,0),0))) -> _______ | D55: =IF(D23="",keycodes!$C$2,IF($B$1="Japanese",IF(INDEX(keycodes!$E:$E,MATCH(D23,keycodes!$A:$A,0),0)<>"",INDEX(keycodes!$E:$E,MATCH(D23,keycodes!$A:$A,0),0),INDEX(keycodes!$C:$C,MATCH(D23,keycodes!$A:$A,0),0)),INDEX(keycodes!$C:$C,MATCH(D23,keycodes!$B:$B,0),0))) -> _______ | E55: =IF(E23="",keycodes!$C$2,IF($B$1="Japanese",IF(INDEX(keycodes!$E:$E,MATCH(E23,keycodes!$A:$A,0),0)<>"",INDEX(keycodes!$E:$E,MATCH(E23,keycodes!$A:$A,0),0),INDEX(keycodes!$C:$C,MATCH(E23,keycodes!$A:$A,0),0)),INDEX(keycodes!$C:$C,MATCH(E23,keycodes!$B:$B,0),0))) -> _______ | F55: =IF(F23="",keycodes!$C$2,IF($B$1="Japanese",IF(INDEX(keycodes!$E:$E,MATCH(F23,keycodes!$A:$A,0),0)<>"",INDEX(keycodes!$E:$E,MATCH(F23,keycodes!$A:$A,0),0),INDEX(keycodes!$C:$C,MATCH(F23,keycodes!$A:$A,0),0)),INDEX(keycodes!$C:$C,MATCH(F23,keycodes!$B:$B,0),0))) -> _______ | G55: =IF(G23="",keycodes!$C$2,IF($B$1="Japanese",IF(INDEX(keycodes!$E:$E,MATCH(G23,keycodes!$A:$A,0),0)<>"",INDEX(keycodes!$E:$E,MATCH(G23,keycodes!$A:$A,0),0),INDEX(keycodes!$C:$C,MATCH(G23,keycodes!$A:$A,0),0)),INDEX(keycodes!$C:$C,MATCH(G23,keycodes!$B:$B,0),0))) -> _______ | H55: =IF(H23="",keycodes!$C$2,IF($B$1="Japanese",IF(INDEX(keycodes!$E:$E,MATCH(H23,keycodes!$A:$A,0),0)<>"",INDEX(keycodes!$E:$E,MATCH(H23,keycodes!$A:$A,0),0),INDEX(keycodes!$C:$C,MATCH(H23,keycodes!$A:$A,0),0)),INDEX(keycodes!$C:$C,MATCH(H23,keycodes!$B:$B,0),0))) -> NONE | I55: =IF(I23="",keycodes!$C$2,IF($B$1="Japanese",IF(INDEX(keycodes!$E:$E,MATCH(I23,keycodes!$A:$A,0),0)<>"",INDEX(keycodes!$E:$E,MATCH(I23,keycodes!$A:$A,0),0),INDEX(keycodes!$C:$C,MATCH(I23,keycodes!$A:$A,0),0)),INDEX(keycodes!$C:$C,MATCH(I23,keycodes!$B:$B,0),0))) -> NONE | ... O55: =IF(O23="",keycodes!$C$2,IF($B$1="Japanese",IF(INDEX(keycodes!$E:$E,MATCH(O23,keycodes!$A:$A,0),0)<>"",INDEX(keycodes!$E:$E,MATCH(O23,keycodes!$A:$A,0),0),INDEX(keycodes!$C:$C,MATCH(O23,keycodes!$A:$A,0),0)),INDEX(keycodes!$C:$C,MATCH(O23,keycodes!$B:$B,0),0))) -> _______
B56: =IF(B24="",keycodes!$C$2,IF($B$1="Japanese",IF(INDEX(keycodes!$E:$E,MATCH(B24,keycodes!$A:$A,0),0)<>"",INDEX(keycodes!$E:$E,MATCH(B24,keycodes!$A:$A,0),0),INDEX(keycodes!$C:$C,MATCH(B24,keycodes!$A:$A,0),0)),INDEX(keycodes!$C:$C,MATCH(B24,keycodes!$B:$B,0),0))) -> XXXXXXX | C56: =IF(C24="",keycodes!$C$2,IF($B$1="Japanese",IF(INDEX(keycodes!$E:$E,MATCH(C24,keycodes!$A:$A,0),0)<>"",INDEX(keycodes!$E:$E,MATCH(C24,keycodes!$A:$A,0),0),INDEX(keycodes!$C:$C,MATCH(C24,keycodes!$A:$A,0),0)),INDEX(keycodes!$C:$C,MATCH(C24,keycodes!$B:$B,0),0))) -> S(KC_1) | D56: =IF(D24="",keycodes!$C$2,IF($B$1="Japanese",IF(INDEX(keycodes!$E:$E,MATCH(D24,keycodes!$A:$A,0),0)<>"",INDEX(keycodes!$E:$E,MATCH(D24,keycodes!$A:$A,0),0),INDEX(keycodes!$C:$C,MATCH(D24,keycodes!$A:$A,0),0)),INDEX(keycodes!$C:$C,MATCH(D24,keycodes!$B:$B,0),0))) -> S(KC_2) | E56: =IF(E24="",keycodes!$C$2,IF($B$1="Japanese",IF(INDEX(keycodes!$E:$E,MATCH(E24,keycodes!$A:$A,0),0)<>"",INDEX(keycodes!$E:$E,MATCH(E24,keycodes!$A:$A,0),0),INDEX(keycodes!$C:$C,MATCH(E24,keycodes!$A:$A,0),0)),INDEX(keycodes!$C:$C,MATCH(E24,keycodes!$B:$B,0),0))) -> S(KC_3) | F56: =IF(F24="",keycodes!$C$2,IF($B$1="Japanese",IF(INDEX(keycodes!$E:$E,MATCH(F24,keycodes!$A:$A,0),0)<>"",INDEX(keycodes!$E:$E,MATCH(F24,keycodes!$A:$A,0),0),INDEX(keycodes!$C:$C,MATCH(F24,keycodes!$A:$A,0),0)),INDEX(keycodes!$C:$C,MATCH(F24,keycodes!$B:$B,0),0))) -> S(KC_4) | G56: =IF(G24="",keycodes!$C$2,IF($B$1="Japanese",IF(INDEX(keycodes!$E:$E,MATCH(G24,keycodes!$A:$A,0),0)<>"",INDEX(keycodes!$E:$E,MATCH(G24,keycodes!$A:$A,0),0),INDEX(keycodes!$C:$C,MATCH(G24,keycodes!$A:$A,0),0)),INDEX(keycodes!$C:$C,MATCH(G24,keycodes!$B:$B,0),0))) -> S(KC_5) | H56: =IF(H24="",keycodes!$C$2,IF($B$1="Japanese",IF(INDEX(keycodes!$E:$E,MATCH(H24,keycodes!$A:$A,0),0)<>"",INDEX(keycodes!$E:$E,MATCH(H24,keycodes!$A:$A,0),0),INDEX(keycodes!$C:$C,MATCH(H24,keycodes!$A:$A,0),0)),INDEX(keycodes!$C:$C,MATCH(H24,keycodes!$B:$B,0),0))) -> NONE | I56: =IF(I24="",keycodes!$C$2,IF($B$1="Japanese",IF(INDEX(keycodes!$E:$E,MATCH(I24,keycodes!$A:$A,0),0)<>"",INDEX(keycodes!$E:$E,MATCH(I24,keycodes!$A:$A,0),0),INDEX(keycodes!$C:$C,MATCH(I24,keycodes!$A:$A,0),0)),INDEX(keycodes!$C:$C,MATCH(I24,keycodes!$B:$B,0),0))) -> NONE | ... O56: =IF(O24="",keycodes!$C$2,IF($B$1="Japanese",IF(INDEX(keycodes!$E:$E,MATCH(O24,keycodes!$A:$A,0),0)<>"",INDEX(keycodes!$E:$E,MATCH(O24,keycodes!$A:$A,0),0),INDEX(keycodes!$C:$C,MATCH(O24,keycodes!$A:$A,0),0)),INDEX(keycodes!$C:$C,MATCH(O24,keycodes!$B:$B,0),0))) -> XXXXXXX
B57: =IF(B25="",keycodes!$C$2,IF($B$1="Japanese",IF(INDEX(keycodes!$E:$E,MATCH(B25,keycodes!$A:$A,0),0)<>"",INDEX(keycodes!$E:$E,MATCH(B25,keycodes!$A:$A,0),0),INDEX(keycodes!$C:$C,MATCH(B25,keycodes!$A:$A,0),0)),INDEX(keycodes!$C:$C,MATCH(B25,keycodes!$B:$B,0),0))) -> XXXXXXX | C57: =IF(C25="",keycodes!$C$2,IF($B$1="Japanese",IF(INDEX(keycodes!$E:$E,MATCH(C25,keycodes!$A:$A,0),0)<>"",INDEX(keycodes!$E:$E,MATCH(C25,keycodes!$A:$A,0),0),INDEX(keycodes!$C:$C,MATCH(C25,keycodes!$A:$A,0),0)),INDEX(keycodes!$C:$C,MATCH(C25,keycodes!$B:$B,0),0))) -> XXXXXXX | D57: =IF(D25="",keycodes!$C$2,IF($B$1="Japanese",IF(INDEX(keycodes!$E:$E,MATCH(D25,keycodes!$A:$A,0),0)<>"",INDEX(keycodes!$E:$E,MATCH(D25,keycodes!$A:$A,0),0),INDEX(keycodes!$C:$C,MATCH(D25,keycodes!$A:$A,0),0)),INDEX(keycodes!$C:$C,MATCH(D25,keycodes!$B:$B,0),0))) -> KC_HOME | E57: =IF(E25="",keycodes!$C$2,IF($B$1="Japanese",IF(INDEX(keycodes!$E:$E,MATCH(E25,keycodes!$A:$A,0),0)<>"",INDEX(keycodes!$E:$E,MATCH(E25,keycodes!$A:$A,0),0),INDEX(keycodes!$C:$C,MATCH(E25,keycodes!$A:$A,0),0)),INDEX(keycodes!$C:$C,MATCH(E25,keycodes!$B:$B,0),0))) -> KC_PGUP | F57: =IF(F25="",keycodes!$C$2,IF($B$1="Japanese",IF(INDEX(keycodes!$E:$E,MATCH(F25,keycodes!$A:$A,0),0)<>"",INDEX(keycodes!$E:$E,MATCH(F25,keycodes!$A:$A,0),0),INDEX(keycodes!$C:$C,MATCH(F25,keycodes!$A:$A,0),0)),INDEX(keycodes!$C:$C,MATCH(F25,keycodes!$B:$B,0),0))) -> KC_PGDN | G57: =IF(G25="",keycodes!$C$2,IF($B$1="Japanese",IF(INDEX(keycodes!$E:$E,MATCH(G25,keycodes!$A:$A,0),0)<>"",INDEX(keycodes!$E:$E,MATCH(G25,keycodes!$A:$A,0),0),INDEX(keycodes!$C:$C,MATCH(G25,keycodes!$A:$A,0),0)),INDEX(keycodes!$C:$C,MATCH(G25,keycodes!$B:$B,0),0))) -> KC_END | H57: =IF(H25="",keycodes!$C$2,IF($B$1="Japanese",IF(INDEX(keycodes!$E:$E,MATCH(H25,keycodes!$A:$A,0),0)<>"",INDEX(keycodes!$E:$E,MATCH(H25,keycodes!$A:$A,0),0),INDEX(keycodes!$C:$C,MATCH(H25,keycodes!$A:$A,0),0)),INDEX(keycodes!$C:$C,MATCH(H25,keycodes!$B:$B,0),0))) -> NONE | I57: =IF(I25="",keycodes!$C$2,IF($B$1="Japanese",IF(INDEX(keycodes!$E:$E,MATCH(I25,keycodes!$A:$A,0),0)<>"",INDEX(keycodes!$E:$E,MATCH(I25,keycodes!$A:$A,0),0),INDEX(keycodes!$C:$C,MATCH(I25,keycodes!$A:$A,0),0)),INDEX(keycodes!$C:$C,MATCH(I25,keycodes!$B:$B,0),0))) -> NONE | ... O57: =IF(O25="",keycodes!$C$2,IF($B$1="Japanese",IF(INDEX(keycodes!$E:$E,MATCH(O25,keycodes!$A:$A,0),0)<>"",INDEX(keycodes!$E:$E,MATCH(O25,keycodes!$A:$A,0),0),INDEX(keycodes!$C:$C,MATCH(O25,keycodes!$A:$A,0),0)),INDEX(keycodes!$C:$C,MATCH(O25,keycodes!$B:$B,0),0))) -> KC_MINS
B58: =IF(B26="",keycodes!$C$2,IF($B$1="Japanese",IF(INDEX(keycodes!$E:$E,MATCH(B26,keycodes!$A:$A,0),0)<>"",INDEX(keycodes!$E:$E,MATCH(B26,keycodes!$A:$A,0),0),INDEX(keycodes!$C:$C,MATCH(B26,keycodes!$A:$A,0),0)),INDEX(keycodes!$C:$C,MATCH(B26,keycodes!$B:$B,0),0))) -> KC_LCTL | C58: =IF(C26="",keycodes!$C$2,IF($B$1="Japanese",IF(INDEX(keycodes!$E:$E,MATCH(C26,keycodes!$A:$A,0),0)<>"",INDEX(keycodes!$E:$E,MATCH(C26,keycodes!$A:$A,0),0),INDEX(keycodes!$C:$C,MATCH(C26,keycodes!$A:$A,0),0)),INDEX(keycodes!$C:$C,MATCH(C26,keycodes!$B:$B,0),0))) -> KC_LALT | D58: =IF(D26="",keycodes!$C$2,IF($B$1="Japanese",IF(INDEX(keycodes!$E:$E,MATCH(D26,keycodes!$A:$A,0),0)<>"",INDEX(keycodes!$E:$E,MATCH(D26,keycodes!$A:$A,0),0),INDEX(keycodes!$C:$C,MATCH(D26,keycodes!$A:$A,0),0)),INDEX(keycodes!$C:$C,MATCH(D26,keycodes!$B:$B,0),0))) -> XXXXXXX | E58: =IF(E26="",keycodes!$C$2,IF($B$1="Japanese",IF(INDEX(keycodes!$E:$E,MATCH(E26,keycodes!$A:$A,0),0)<>"",INDEX(keycodes!$E:$E,MATCH(E26,keycodes!$A:$A,0),0),INDEX(keycodes!$C:$C,MATCH(E26,keycodes!$A:$A,0),0)),INDEX(keycodes!$C:$C,MATCH(E26,keycodes!$B:$B,0),0))) -> XXXXXXX | F58: =IF(F26="",keycodes!$C$2,IF($B$1="Japanese",IF(INDEX(keycodes!$E:$E,MATCH(F26,keycodes!$A:$A,0),0)<>"",INDEX(keycodes!$E:$E,MATCH(F26,keycodes!$A:$A,0),0),INDEX(keycodes!$C:$C,MATCH(F26,keycodes!$A:$A,0),0)),INDEX(keycodes!$C:$C,MATCH(F26,keycodes!$B:$B,0),0))) -> KC_INT5 | G58: =IF(G26="",keycodes!$C$2,IF($B$1="Japanese",IF(INDEX(keycodes!$E:$E,MATCH(G26,keycodes!$A:$A,0),0)<>"",INDEX(keycodes!$E:$E,MATCH(G26,keycodes!$A:$A,0),0),INDEX(keycodes!$C:$C,MATCH(G26,keycodes!$A:$A,0),0)),INDEX(keycodes!$C:$C,MATCH(G26,keycodes!$B:$B,0),0))) -> KC_BSPC | H58: =IF(H26="",keycodes!$C$2,IF($B$1="Japanese",IF(INDEX(keycodes!$E:$E,MATCH(H26,keycodes!$A:$A,0),0)<>"",INDEX(keycodes!$E:$E,MATCH(H26,keycodes!$A:$A,0),0),INDEX(keycodes!$C:$C,MATCH(H26,keycodes!$A:$A,0),0)),INDEX(keycodes!$C:$C,MATCH(H26,keycodes!$B:$B,0),0))) -> _______ | I58: =IF(I26="",keycodes!$C$2,IF($B$1="Japanese",IF(INDEX(keycodes!$E:$E,MATCH(I26,keycodes!$A:$A,0),0)<>"",INDEX(keycodes!$E:$E,MATCH(I26,keycodes!$A:$A,0),0),INDEX(keycodes!$C:$C,MATCH(I26,keycodes!$A:$A,0),0)),INDEX(keycodes!$C:$C,MATCH(I26,keycodes!$B:$B,0),0))) -> _______ | ... O58: =IF(O26="",keycodes!$C$2,IF($B$1="Japanese",IF(INDEX(keycodes!$E:$E,MATCH(O26,keycodes!$A:$A,0),0)<>"",INDEX(keycodes!$E:$E,MATCH(O26,keycodes!$A:$A,0),0),INDEX(keycodes!$C:$C,MATCH(O26,keycodes!$A:$A,0),0)),INDEX(keycodes!$C:$C,MATCH(O26,keycodes!$B:$B,0),0))) -> S(KC_INT3)
B59: =IF(B27="",keycodes!$C$2,IF($B$1="Japanese",IF(INDEX(keycodes!$E:$E,MATCH(B27,keycodes!$A:$A,0),0)<>"",INDEX(keycodes!$E:$E,MATCH(B27,keycodes!$A:$A,0),0),INDEX(keycodes!$C:$C,MATCH(B27,keycodes!$A:$A,0),0)),INDEX(keycodes!$C:$C,MATCH(B27,keycodes!$B:$B,0),0))) -> NONE | C59: =IF(C27="",keycodes!$C$2,IF($B$1="Japanese",IF(INDEX(keycodes!$E:$E,MATCH(C27,keycodes!$A:$A,0),0)<>"",INDEX(keycodes!$E:$E,MATCH(C27,keycodes!$A:$A,0),0),INDEX(keycodes!$C:$C,MATCH(C27,keycodes!$A:$A,0),0)),INDEX(keycodes!$C:$C,MATCH(C27,keycodes!$B:$B,0),0))) -> NONE | D59: =IF(D27="",keycodes!$C$2,IF($B$1="Japanese",IF(INDEX(keycodes!$E:$E,MATCH(D27,keycodes!$A:$A,0),0)<>"",INDEX(keycodes!$E:$E,MATCH(D27,keycodes!$A:$A,0),0),INDEX(keycodes!$C:$C,MATCH(D27,keycodes!$A:$A,0),0)),INDEX(keycodes!$C:$C,MATCH(D27,keycodes!$B:$B,0),0))) -> NONE | E59: =IF(E27="",keycodes!$C$2,IF($B$1="Japanese",IF(INDEX(keycodes!$E:$E,MATCH(E27,keycodes!$A:$A,0),0)<>"",INDEX(keycodes!$E:$E,MATCH(E27,keycodes!$A:$A,0),0),INDEX(keycodes!$C:$C,MATCH(E27,keycodes!$A:$A,0),0)),INDEX(keycodes!$C:$C,MATCH(E27,keycodes!$B:$B,0),0))) -> _______ | F59: =IF(F27="",keycodes!$C$2,IF($B$1="Japanese",IF(INDEX(keycodes!$E:$E,MATCH(F27,keycodes!$A:$A,0),0)<>"",INDEX(keycodes!$E:$E,MATCH(F27,keycodes!$A:$A,0),0),INDEX(keycodes!$C:$C,MATCH(F27,keycodes!$A:$A,0),0)),INDEX(keycodes!$C:$C,MATCH(F27,keycodes!$B:$B,0),0))) -> _______ | G59: =IF(G27="",keycodes!$C$2,IF($B$1="Japanese",IF(INDEX(keycodes!$E:$E,MATCH(G27,keycodes!$A:$A,0),0)<>"",INDEX(keycodes!$E:$E,MATCH(G27,keycodes!$A:$A,0),0),INDEX(keycodes!$C:$C,MATCH(G27,keycodes!$A:$A,0),0)),INDEX(keycodes!$C:$C,MATCH(G27,keycodes!$B:$B,0),0))) -> _______ | H59: =IF(H27="",keycodes!$C$2,IF($B$1="Japanese",IF(INDEX(keycodes!$E:$E,MATCH(H27,keycodes!$A:$A,0),0)<>"",INDEX(keycodes!$E:$E,MATCH(H27,keycodes!$A:$A,0),0),INDEX(keycodes!$C:$C,MATCH(H27,keycodes!$A:$A,0),0)),INDEX(keycodes!$C:$C,MATCH(H27,keycodes!$B:$B,0),0))) -> _______ | I59: =IF(I27="",keycodes!$C$2,IF($B$1="Japanese",IF(INDEX(keycodes!$E:$E,MATCH(I27,keycodes!$A:$A,0),0)<>"",INDEX(keycodes!$E:$E,MATCH(I27,keycodes!$A:$A,0),0),INDEX(keycodes!$C:$C,MATCH(I27,keycodes!$A:$A,0),0)),INDEX(keycodes!$C:$C,MATCH(I27,keycodes!$B:$B,0),0))) -> _______ | ... O59: =IF(O27="",keycodes!$C$2,IF($B$1="Japanese",IF(INDEX(keycodes!$E:$E,MATCH(O27,keycodes!$A:$A,0),0)<>"",INDEX(keycodes!$E:$E,MATCH(O27,keycodes!$A:$A,0),0),INDEX(keycodes!$C:$C,MATCH(O27,keycodes!$A:$A,0),0)),INDEX(keycodes!$C:$C,MATCH(O27,keycodes!$B:$B,0),0))) -> TERM
A60: RAISE_ADJUST | B60: =IF(B28="",keycodes!$C$2,IF($B$1="Japanese",IF(INDEX(keycodes!$E:$E,MATCH(B28,keycodes!$A:$A,0),0)<>"",INDEX(keycodes!$E:$E,MATCH(B28,keycodes!$A:$A,0),0),INDEX(keycodes!$C:$C,MATCH(B28,keycodes!$A:$A,0),0)),INDEX(keycodes!$C:$C,MATCH(B28,keycodes!$B:$B,0),0))) -> KC_F1 | C60: =IF(C28="",keycodes!$C$2,IF($B$1="Japanese",IF(INDEX(keycodes!$E:$E,MATCH(C28,keycodes!$A:$A,0),0)<>"",INDEX(keycodes!$E:$E,MATCH(C28,keycodes!$A:$A,0),0),INDEX(keycodes!$C:$C,MATCH(C28,keycodes!$A:$A,0),0)),INDEX(keycodes!$C:$C,MATCH(C28,keycodes!$B:$B,0),0))) -> KC_F2 | D60: =IF(D28="",keycodes!$C$2,IF($B$1="Japanese",IF(INDEX(keycodes!$E:$E,MATCH(D28,keycodes!$A:$A,0),0)<>"",INDEX(keycodes!$E:$E,MATCH(D28,keycodes!$A:$A,0),0),INDEX(keycodes!$C:$C,MATCH(D28,keycodes!$A:$A,0),0)),INDEX(keycodes!$C:$C,MATCH(D28,keycodes!$B:$B,0),0))) -> KC_F3 | E60: =IF(E28="",keycodes!$C$2,IF($B$1="Japanese",IF(INDEX(keycodes!$E:$E,MATCH(E28,keycodes!$A:$A,0),0)<>"",INDEX(keycodes!$E:$E,MATCH(E28,keycodes!$A:$A,0),0),INDEX(keycodes!$C:$C,MATCH(E28,keycodes!$A:$A,0),0)),INDEX(keycodes!$C:$C,MATCH(E28,keycodes!$B:$B,0),0))) -> KC_F4 | F60: =IF(F28="",keycodes!$C$2,IF($B$1="Japanese",IF(INDEX(keycodes!$E:$E,MATCH(F28,keycodes!$A:$A,0),0)<>"",INDEX(keycodes!$E:$E,MATCH(F28,keycodes!$A:$A,0),0),INDEX(keycodes!$C:$C,MATCH(F28,keycodes!$A:$A,0),0)),INDEX(keycodes!$C:$C,MATCH(F28,keycodes!$B:$B,0),0))) -> KC_F5 | G60: =IF(G28="",keycodes!$C$2,IF($B$1="Japanese",IF(INDEX(keycodes!$E:$E,MATCH(G28,keycodes!$A:$A,0),0)<>"",INDEX(keycodes!$E:$E,MATCH(G28,keycodes!$A:$A,0),0),INDEX(keycodes!$C:$C,MATCH(G28,keycodes!$A:$A,0),0)),INDEX(keycodes!$C:$C,MATCH(G28,keycodes!$B:$B,0),0))) -> KC_F6 | H60: =IF(H28="",keycodes!$C$2,IF($B$1="Japanese",IF(INDEX(keycodes!$E:$E,MATCH(H28,keycodes!$A:$A,0),0)<>"",INDEX(keycodes!$E:$E,MATCH(H28,keycodes!$A:$A,0),0),INDEX(keycodes!$C:$C,MATCH(H28,keycodes!$A:$A,0),0)),INDEX(keycodes!$C:$C,MATCH(H28,keycodes!$B:$B,0),0))) -> NONE | I60: =IF(I28="",keycodes!$C$2,IF($B$1="Japanese",IF(INDEX(keycodes!$E:$E,MATCH(I28,keycodes!$A:$A,0),0)<>"",INDEX(keycodes!$E:$E,MATCH(I28,keycodes!$A:$A,0),0),INDEX(keycodes!$C:$C,MATCH(I28,keycodes!$A:$A,0),0)),INDEX(keycodes!$C:$C,MATCH(I28,keycodes!$B:$B,0),0))) -> NONE | ... O60: =IF(O28="",keycodes!$C$2,IF($B$1="Japanese",IF(INDEX(keycodes!$E:$E,MATCH(O28,keycodes!$A:$A,0),0)<>"",INDEX(keycodes!$E:$E,MATCH(O28,keycodes!$A:$A,0),0),INDEX(keycodes!$C:$C,MATCH(O28,keycodes!$A:$A,0),0)),INDEX(keycodes!$C:$C,MATCH(O28,keycodes!$B:$B,0),0))) -> KC_F12
B61: =IF(B29="",keycodes!$C$2,IF($B$1="Japanese",IF(INDEX(keycodes!$E:$E,MATCH(B29,keycodes!$A:$A,0),0)<>"",INDEX(keycodes!$E:$E,MATCH(B29,keycodes!$A:$A,0),0),INDEX(keycodes!$C:$C,MATCH(B29,keycodes!$A:$A,0),0)),INDEX(keycodes!$C:$C,MATCH(B29,keycodes!$B:$B,0),0))) -> XXXXXXX | C61: =IF(C29="",keycodes!$C$2,IF($B$1="Japanese",IF(INDEX(keycodes!$E:$E,MATCH(C29,keycodes!$A:$A,0),0)<>"",INDEX(keycodes!$E:$E,MATCH(C29,keycodes!$A:$A,0),0),INDEX(keycodes!$C:$C,MATCH(C29,keycodes!$A:$A,0),0)),INDEX(keycodes!$C:$C,MATCH(C29,keycodes!$B:$B,0),0))) -> XXXXXXX | D61: =IF(D29="",keycodes!$C$2,IF($B$1="Japanese",IF(INDEX(keycodes!$E:$E,MATCH(D29,keycodes!$A:$A,0),0)<>"",INDEX(keycodes!$E:$E,MATCH(D29,keycodes!$A:$A,0),0),INDEX(keycodes!$C:$C,MATCH(D29,keycodes!$A:$A,0),0)),INDEX(keycodes!$C:$C,MATCH(D29,keycodes!$B:$B,0),0))) -> XXXXXXX | E61: =IF(E29="",keycodes!$C$2,IF($B$1="Japanese",IF(INDEX(keycodes!$E:$E,MATCH(E29,keycodes!$A:$A,0),0)<>"",INDEX(keycodes!$E:$E,MATCH(E29,keycodes!$A:$A,0),0),INDEX(keycodes!$C:$C,MATCH(E29,keycodes!$A:$A,0),0)),INDEX(keycodes!$C:$C,MATCH(E29,keycodes!$B:$B,0),0))) -> XXXXXXX | F61: =IF(F29="",keycodes!$C$2,IF($B$1="Japanese",IF(INDEX(keycodes!$E:$E,MATCH(F29,keycodes!$A:$A,0),0)<>"",INDEX(keycodes!$E:$E,MATCH(F29,keycodes!$A:$A,0),0),INDEX(keycodes!$C:$C,MATCH(F29,keycodes!$A:$A,0),0)),INDEX(keycodes!$C:$C,MATCH(F29,keycodes!$B:$B,0),0))) -> XXXXXXX | G61: =IF(G29="",keycodes!$C$2,IF($B$1="Japanese",IF(INDEX(keycodes!$E:$E,MATCH(G29,keycodes!$A:$A,0),0)<>"",INDEX(keycodes!$E:$E,MATCH(G29,keycodes!$A:$A,0),0),INDEX(keycodes!$C:$C,MATCH(G29,keycodes!$A:$A,0),0)),INDEX(keycodes!$C:$C,MATCH(G29,keycodes!$B:$B,0),0))) -> XXXXXXX | H61: =IF(H29="",keycodes!$C$2,IF($B$1="Japanese",IF(INDEX(keycodes!$E:$E,MATCH(H29,keycodes!$A:$A,0),0)<>"",INDEX(keycodes!$E:$E,MATCH(H29,keycodes!$A:$A,0),0),INDEX(keycodes!$C:$C,MATCH(H29,keycodes!$A:$A,0),0)),INDEX(keycodes!$C:$C,MATCH(H29,keycodes!$B:$B,0),0))) -> NONE | I61: =IF(I29="",keycodes!$C$2,IF($B$1="Japanese",IF(INDEX(keycodes!$E:$E,MATCH(I29,keycodes!$A:$A,0),0)<>"",INDEX(keycodes!$E:$E,MATCH(I29,keycodes!$A:$A,0),0),INDEX(keycodes!$C:$C,MATCH(I29,keycodes!$A:$A,0),0)),INDEX(keycodes!$C:$C,MATCH(I29,keycodes!$B:$B,0),0))) -> NONE | ... O61: =IF(O29="",keycodes!$C$2,IF($B$1="Japanese",IF(INDEX(keycodes!$E:$E,MATCH(O29,keycodes!$A:$A,0),0)<>"",INDEX(keycodes!$E:$E,MATCH(O29,keycodes!$A:$A,0),0),INDEX(keycodes!$C:$C,MATCH(O29,keycodes!$A:$A,0),0)),INDEX(keycodes!$C:$C,MATCH(O29,keycodes!$B:$B,0),0))) -> XXXXXXX
B62: =IF(B30="",keycodes!$C$2,IF($B$1="Japanese",IF(INDEX(keycodes!$E:$E,MATCH(B30,keycodes!$A:$A,0),0)<>"",INDEX(keycodes!$E:$E,MATCH(B30,keycodes!$A:$A,0),0),INDEX(keycodes!$C:$C,MATCH(B30,keycodes!$A:$A,0),0)),INDEX(keycodes!$C:$C,MATCH(B30,keycodes!$B:$B,0),0))) -> XXXXXXX | C62: =IF(C30="",keycodes!$C$2,IF($B$1="Japanese",IF(INDEX(keycodes!$E:$E,MATCH(C30,keycodes!$A:$A,0),0)<>"",INDEX(keycodes!$E:$E,MATCH(C30,keycodes!$A:$A,0),0),INDEX(keycodes!$C:$C,MATCH(C30,keycodes!$A:$A,0),0)),INDEX(keycodes!$C:$C,MATCH(C30,keycodes!$B:$B,0),0))) -> KC_1 | D62: =IF(D30="",keycodes!$C$2,IF($B$1="Japanese",IF(INDEX(keycodes!$E:$E,MATCH(D30,keycodes!$A:$A,0),0)<>"",INDEX(keycodes!$E:$E,MATCH(D30,keycodes!$A:$A,0),0),INDEX(keycodes!$C:$C,MATCH(D30,keycodes!$A:$A,0),0)),INDEX(keycodes!$C:$C,MATCH(D30,keycodes!$B:$B,0),0))) -> KC_2 | E62: =IF(E30="",keycodes!$C$2,IF($B$1="Japanese",IF(INDEX(keycodes!$E:$E,MATCH(E30,keycodes!$A:$A,0),0)<>"",INDEX(keycodes!$E:$E,MATCH(E30,keycodes!$A:$A,0),0),INDEX(keycodes!$C:$C,MATCH(E30,keycodes!$A:$A,0),0)),INDEX(keycodes!$C:$C,MATCH(E30,keycodes!$B:$B,0),0))) -> KC_3 | F62: =IF(F30="",keycodes!$C$2,IF($B$1="Japanese",IF(INDEX(keycodes!$E:$E,MATCH(F30,keycodes!$A:$A,0),0)<>"",INDEX(keycodes!$E:$E,MATCH(F30,keycodes!$A:$A,0),0),INDEX(keycodes!$C:$C,MATCH(F30,keycodes!$A:$A,0),0)),INDEX(keycodes!$C:$C,MATCH(F30,keycodes!$B:$B,0),0))) -> KC_4 | G62: =IF(G30="",keycodes!$C$2,IF($B$1="Japanese",IF(INDEX(keycodes!$E:$E,MATCH(G30,keycodes!$A:$A,0),0)<>"",INDEX(keycodes!$E:$E,MATCH(G30,keycodes!$A:$A,0),0),INDEX(keycodes!$C:$C,MATCH(G30,keycodes!$A:$A,0),0)),INDEX(keycodes!$C:$C,MATCH(G30,keycodes!$B:$B,0),0))) -> KC_5 | H62: =IF(H30="",keycodes!$C$2,IF($B$1="Japanese",IF(INDEX(keycodes!$E:$E,MATCH(H30,keycodes!$A:$A,0),0)<>"",INDEX(keycodes!$E:$E,MATCH(H30,keycodes!$A:$A,0),0),INDEX(keycodes!$C:$C,MATCH(H30,keycodes!$A:$A,0),0)),INDEX(keycodes!$C:$C,MATCH(H30,keycodes!$B:$B,0),0))) -> NONE | I62: =IF(I30="",keycodes!$C$2,IF($B$1="Japanese",IF(INDEX(keycodes!$E:$E,MATCH(I30,keycodes!$A:$A,0),0)<>"",INDEX(keycodes!$E:$E,MATCH(I30,keycodes!$A:$A,0),0),INDEX(keycodes!$C:$C,MATCH(I30,keycodes!$A:$A,0),0)),INDEX(keycodes!$C:$C,MATCH(I30,keycodes!$B:$B,0),0))) -> NONE | ... O62: =IF(O30="",keycodes!$C$2,IF($B$1="Japanese",IF(INDEX(keycodes!$E:$E,MATCH(O30,keycodes!$A:$A,0),0)<>"",INDEX(keycodes!$E:$E,MATCH(O30,keycodes!$A:$A,0),0),INDEX(keycodes!$C:$C,MATCH(O30,keycodes!$A:$A,0),0)),INDEX(keycodes!$C:$C,MATCH(O30,keycodes!$B:$B,0),0))) -> _______
B63: =IF(B31="",keycodes!$C$2,IF($B$1="Japanese",IF(INDEX(keycodes!$E:$E,MATCH(B31,keycodes!$A:$A,0),0)<>"",INDEX(keycodes!$E:$E,MATCH(B31,keycodes!$A:$A,0),0),INDEX(keycodes!$C:$C,MATCH(B31,keycodes!$A:$A,0),0)),INDEX(keycodes!$C:$C,MATCH(B31,keycodes!$B:$B,0),0))) -> _______ | C63: =IF(C31="",keycodes!$C$2,IF($B$1="Japanese",IF(INDEX(keycodes!$E:$E,MATCH(C31,keycodes!$A:$A,0),0)<>"",INDEX(keycodes!$E:$E,MATCH(C31,keycodes!$A:$A,0),0),INDEX(keycodes!$C:$C,MATCH(C31,keycodes!$A:$A,0),0)),INDEX(keycodes!$C:$C,MATCH(C31,keycodes!$B:$B,0),0))) -> _______ | D63: =IF(D31="",keycodes!$C$2,IF($B$1="Japanese",IF(INDEX(keycodes!$E:$E,MATCH(D31,keycodes!$A:$A,0),0)<>"",INDEX(keycodes!$E:$E,MATCH(D31,keycodes!$A:$A,0),0),INDEX(keycodes!$C:$C,MATCH(D31,keycodes!$A:$A,0),0)),INDEX(keycodes!$C:$C,MATCH(D31,keycodes!$B:$B,0),0))) -> KC_VOLD | E63: =IF(E31="",keycodes!$C$2,IF($B$1="Japanese",IF(INDEX(keycodes!$E:$E,MATCH(E31,keycodes!$A:$A,0),0)<>"",INDEX(keycodes!$E:$E,MATCH(E31,keycodes!$A:$A,0),0),INDEX(keycodes!$C:$C,MATCH(E31,keycodes!$A:$A,0),0)),INDEX(keycodes!$C:$C,MATCH(E31,keycodes!$B:$B,0),0))) -> KC_VOLU | F63: =IF(F31="",keycodes!$C$2,IF($B$1="Japanese",IF(INDEX(keycodes!$E:$E,MATCH(F31,keycodes!$A:$A,0),0)<>"",INDEX(keycodes!$E:$E,MATCH(F31,keycodes!$A:$A,0),0),INDEX(keycodes!$C:$C,MATCH(F31,keycodes!$A:$A,0),0)),INDEX(keycodes!$C:$C,MATCH(F31,keycodes!$B:$B,0),0))) -> _______ | G63: =IF(G31="",keycodes!$C$2,IF($B$1="Japanese",IF(INDEX(keycodes!$E:$E,MATCH(G31,keycodes!$A:$A,0),0)<>"",INDEX(keycodes!$E:$E,MATCH(G31,keycodes!$A:$A,0),0),INDEX(keycodes!$C:$C,MATCH(G31,keycodes!$A:$A,0),0)),INDEX(keycodes!$C:$C,MATCH(G31,keycodes!$B:$B,0),0))) -> _______ | H63: =IF(H31="",keycodes!$C$2,IF($B$1="Japanese",IF(INDEX(keycodes!$E:$E,MATCH(H31,keycodes!$A:$A,0),0)<>"",INDEX(keycodes!$E:$E,MATCH(H31,keycodes!$A:$A,0),0),INDEX(keycodes!$C:$C,MATCH(H31,keycodes!$A:$A,0),0)),INDEX(keycodes!$C:$C,MATCH(H31,keycodes!$B:$B,0),0))) -> _______ | I63: =IF(I31="",keycodes!$C$2,IF($B$1="Japanese",IF(INDEX(keycodes!$E:$E,MATCH(I31,keycodes!$A:$A,0),0)<>"",INDEX(keycodes!$E:$E,MATCH(I31,keycodes!$A:$A,0),0),INDEX(keycodes!$C:$C,MATCH(I31,keycodes!$A:$A,0),0)),INDEX(keycodes!$C:$C,MATCH(I31,keycodes!$B:$B,0),0))) -> _______ | ... O63: =IF(O31="",keycodes!$C$2,IF($B$1="Japanese",IF(INDEX(keycodes!$E:$E,MATCH(O31,keycodes!$A:$A,0),0)<>"",INDEX(keycodes!$E:$E,MATCH(O31,keycodes!$A:$A,0),0),INDEX(keycodes!$C:$C,MATCH(O31,keycodes!$A:$A,0),0)),INDEX(keycodes!$C:$C,MATCH(O31,keycodes!$B:$B,0),0))) -> KC_INT1
B64: =IF(B32="",keycodes!$C$2,IF($B$1="Japanese",IF(INDEX(keycodes!$E:$E,MATCH(B32,keycodes!$A:$A,0),0)<>"",INDEX(keycodes!$E:$E,MATCH(B32,keycodes!$A:$A,0),0),INDEX(keycodes!$C:$C,MATCH(B32,keycodes!$A:$A,0),0)),INDEX(keycodes!$C:$C,MATCH(B32,keycodes!$B:$B,0),0))) -> NONE | C64: =IF(C32="",keycodes!$C$2,IF($B$1="Japanese",IF(INDEX(keycodes!$E:$E,MATCH(C32,keycodes!$A:$A,0),0)<>"",INDEX(keycodes!$E:$E,MATCH(C32,keycodes!$A:$A,0),0),INDEX(keycodes!$C:$C,MATCH(C32,keycodes!$A:$A,0),0)),INDEX(keycodes!$C:$C,MATCH(C32,keycodes!$B:$B,0),0))) -> NONE | D64: =IF(D32="",keycodes!$C$2,IF($B$1="Japanese",IF(INDEX(keycodes!$E:$E,MATCH(D32,keycodes!$A:$A,0),0)<>"",INDEX(keycodes!$E:$E,MATCH(D32,keycodes!$A:$A,0),0),INDEX(keycodes!$C:$C,MATCH(D32,keycodes!$A:$A,0),0)),INDEX(keycodes!$C:$C,MATCH(D32,keycodes!$B:$B,0),0))) -> NONE | E64: =IF(E32="",keycodes!$C$2,IF($B$1="Japanese",IF(INDEX(keycodes!$E:$E,MATCH(E32,keycodes!$A:$A,0),0)<>"",INDEX(keycodes!$E:$E,MATCH(E32,keycodes!$A:$A,0),0),INDEX(keycodes!$C:$C,MATCH(E32,keycodes!$A:$A,0),0)),INDEX(keycodes!$C:$C,MATCH(E32,keycodes!$B:$B,0),0))) -> _______ | F64: =IF(F32="",keycodes!$C$2,IF($B$1="Japanese",IF(INDEX(keycodes!$E:$E,MATCH(F32,keycodes!$A:$A,0),0)<>"",INDEX(keycodes!$E:$E,MATCH(F32,keycodes!$A:$A,0),0),INDEX(keycodes!$C:$C,MATCH(F32,keycodes!$A:$A,0),0)),INDEX(keycodes!$C:$C,MATCH(F32,keycodes!$B:$B,0),0))) -> _______ | G64: =IF(G32="",keycodes!$C$2,IF($B$1="Japanese",IF(INDEX(keycodes!$E:$E,MATCH(G32,keycodes!$A:$A,0),0)<>"",INDEX(keycodes!$E:$E,MATCH(G32,keycodes!$A:$A,0),0),INDEX(keycodes!$C:$C,MATCH(G32,keycodes!$A:$A,0),0)),INDEX(keycodes!$C:$C,MATCH(G32,keycodes!$B:$B,0),0))) -> _______ | H64: =IF(H32="",keycodes!$C$2,IF($B$1="Japanese",IF(INDEX(keycodes!$E:$E,MATCH(H32,keycodes!$A:$A,0),0)<>"",INDEX(keycodes!$E:$E,MATCH(H32,keycodes!$A:$A,0),0),INDEX(keycodes!$C:$C,MATCH(H32,keycodes!$A:$A,0),0)),INDEX(keycodes!$C:$C,MATCH(H32,keycodes!$B:$B,0),0))) -> _______ | I64: =IF(I32="",keycodes!$C$2,IF($B$1="Japanese",IF(INDEX(keycodes!$E:$E,MATCH(I32,keycodes!$A:$A,0),0)<>"",INDEX(keycodes!$E:$E,MATCH(I32,keycodes!$A:$A,0),0),INDEX(keycodes!$C:$C,MATCH(I32,keycodes!$A:$A,0),0)),INDEX(keycodes!$C:$C,MATCH(I32,keycodes!$B:$B,0),0))) -> _______ | ... O64: =IF(O32="",keycodes!$C$2,IF($B$1="Japanese",IF(INDEX(keycodes!$E:$E,MATCH(O32,keycodes!$A:$A,0),0)<>"",INDEX(keycodes!$E:$E,MATCH(O32,keycodes!$A:$A,0),0),INDEX(keycodes!$C:$C,MATCH(O32,keycodes!$A:$A,0),0)),INDEX(keycodes!$C:$C,MATCH(O32,keycodes!$B:$B,0),0))) -> TERM
A67: DEFAULT | B67: =IF(B35="TERM","",IF(B35="NONE",REPT(" ",17),REPT(" ",15-LEN(B35))&B35))&IF(OR(B35="TERM",B35="NONE"),"",IF(C35="TERM","",IF(C35="",",",", "))) -> KC_ESC, | C67: =IF(C35="TERM","",IF(C35="NONE",REPT(" ",17),REPT(" ",15-LEN(C35))&C35))&IF(OR(C35="TERM",C35="NONE"),"",IF(D35="TERM","",IF(D35="",",",", "))) -> KC_1, | D67: =IF(D35="TERM","",IF(D35="NONE",REPT(" ",17),REPT(" ",15-LEN(D35))&D35))&IF(OR(D35="TERM",D35="NONE"),"",IF(E35="TERM","",IF(E35="",",",", "))) -> KC_2, | E67: =IF(E35="TERM","",IF(E35="NONE",REPT(" ",17),REPT(" ",15-LEN(E35))&E35))&IF(OR(E35="TERM",E35="NONE"),"",IF(F35="TERM","",IF(F35="",",",", "))) -> KC_3, | F67: =IF(F35="TERM","",IF(F35="NONE",REPT(" ",17),REPT(" ",15-LEN(F35))&F35))&IF(OR(F35="TERM",F35="NONE"),"",IF(G35="TERM","",IF(G35="",",",", "))) -> KC_4, | G67: =IF(G35="TERM","",IF(G35="NONE",REPT(" ",17),REPT(" ",15-LEN(G35))&G35))&IF(OR(G35="TERM",G35="NONE"),"",IF(H35="TERM","",IF(H35="",",",", "))) -> KC_5, | H67: =IF(H35="TERM","",IF(H35="NONE",REPT(" ",17),REPT(" ",15-LEN(H35))&H35))&IF(OR(H35="TERM",H35="NONE"),"",IF(I35="TERM","",IF(I35="",",",", "))) | I67: =IF(I35="TERM","",IF(I35="NONE",REPT(" ",17),REPT(" ",15-LEN(I35))&I35))&IF(OR(I35="TERM",I35="NONE"),"",IF(J35="TERM","",IF(J35="",",",", "))) | ... O67: =IF(O35="TERM","",IF(O35="NONE",REPT(" ",17),REPT(" ",15-LEN(O35))&O35))&IF(OR(O35="TERM",O35="NONE"),"",IF(P35="TERM","",IF(P35="",",",", "))) -> KC_MINS,
B68: =IF(B36="TERM","",IF(B36="NONE",REPT(" ",17),REPT(" ",15-LEN(B36))&B36))&IF(OR(B36="TERM",B36="NONE"),"",IF(C36="TERM","",IF(C36="",",",", "))) -> KC_LALT, | C68: =IF(C36="TERM","",IF(C36="NONE",REPT(" ",17),REPT(" ",15-LEN(C36))&C36))&IF(OR(C36="TERM",C36="NONE"),"",IF(D36="TERM","",IF(D36="",",",", "))) -> KC_Q, | D68: =IF(D36="TERM","",IF(D36="NONE",REPT(" ",17),REPT(" ",15-LEN(D36))&D36))&IF(OR(D36="TERM",D36="NONE"),"",IF(E36="TERM","",IF(E36="",",",", "))) -> KC_W, | E68: =IF(E36="TERM","",IF(E36="NONE",REPT(" ",17),REPT(" ",15-LEN(E36))&E36))&IF(OR(E36="TERM",E36="NONE"),"",IF(F36="TERM","",IF(F36="",",",", "))) -> KC_E, | F68: =IF(F36="TERM","",IF(F36="NONE",REPT(" ",17),REPT(" ",15-LEN(F36))&F36))&IF(OR(F36="TERM",F36="NONE"),"",IF(G36="TERM","",IF(G36="",",",", "))) -> KC_R, | G68: =IF(G36="TERM","",IF(G36="NONE",REPT(" ",17),REPT(" ",15-LEN(G36))&G36))&IF(OR(G36="TERM",G36="NONE"),"",IF(H36="TERM","",IF(H36="",",",", "))) -> KC_T, | H68: =IF(H36="TERM","",IF(H36="NONE",REPT(" ",17),REPT(" ",15-LEN(H36))&H36))&IF(OR(H36="TERM",H36="NONE"),"",IF(I36="TERM","",IF(I36="",",",", "))) | I68: =IF(I36="TERM","",IF(I36="NONE",REPT(" ",17),REPT(" ",15-LEN(I36))&I36))&IF(OR(I36="TERM",I36="NONE"),"",IF(J36="TERM","",IF(J36="",",",", "))) | ... O68: =IF(O36="TERM","",IF(O36="NONE",REPT(" ",17),REPT(" ",15-LEN(O36))&O36))&IF(OR(O36="TERM",O36="NONE"),"",IF(P36="TERM","",IF(P36="",",",", "))) -> KC_LBRC,
B69: =IF(B37="TERM","",IF(B37="NONE",REPT(" ",17),REPT(" ",15-LEN(B37))&B37))&IF(OR(B37="TERM",B37="NONE"),"",IF(C37="TERM","",IF(C37="",",",", "))) -> KC_TAB, | C69: =IF(C37="TERM","",IF(C37="NONE",REPT(" ",17),REPT(" ",15-LEN(C37))&C37))&IF(OR(C37="TERM",C37="NONE"),"",IF(D37="TERM","",IF(D37="",",",", "))) -> KC_A, | D69: =IF(D37="TERM","",IF(D37="NONE",REPT(" ",17),REPT(" ",15-LEN(D37))&D37))&IF(OR(D37="TERM",D37="NONE"),"",IF(E37="TERM","",IF(E37="",",",", "))) -> KC_S, | E69: =IF(E37="TERM","",IF(E37="NONE",REPT(" ",17),REPT(" ",15-LEN(E37))&E37))&IF(OR(E37="TERM",E37="NONE"),"",IF(F37="TERM","",IF(F37="",",",", "))) -> KC_D, | F69: =IF(F37="TERM","",IF(F37="NONE",REPT(" ",17),REPT(" ",15-LEN(F37))&F37))&IF(OR(F37="TERM",F37="NONE"),"",IF(G37="TERM","",IF(G37="",",",", "))) -> KC_F, | G69: =IF(G37="TERM","",IF(G37="NONE",REPT(" ",17),REPT(" ",15-LEN(G37))&G37))&IF(OR(G37="TERM",G37="NONE"),"",IF(H37="TERM","",IF(H37="",",",", "))) -> KC_G, | H69: =IF(H37="TERM","",IF(H37="NONE",REPT(" ",17),REPT(" ",15-LEN(H37))&H37))&IF(OR(H37="TERM",H37="NONE"),"",IF(I37="TERM","",IF(I37="",",",", "))) | I69: =IF(I37="TERM","",IF(I37="NONE",REPT(" ",17),REPT(" ",15-LEN(I37))&I37))&IF(OR(I37="TERM",I37="NONE"),"",IF(J37="TERM","",IF(J37="",",",", "))) | ... O69: =IF(O37="TERM","",IF(O37="NONE",REPT(" ",17),REPT(" ",15-LEN(O37))&O37))&IF(OR(O37="TERM",O37="NONE"),"",IF(P37="TERM","",IF(P37="",",",", "))) -> KC_QUOT,
B70: =IF(B38="TERM","",IF(B38="NONE",REPT(" ",17),REPT(" ",15-LEN(B38))&B38))&IF(OR(B38="TERM",B38="NONE"),"",IF(C38="TERM","",IF(C38="",",",", "))) -> KC_LCTL, | C70: =IF(C38="TERM","",IF(C38="NONE",REPT(" ",17),REPT(" ",15-LEN(C38))&C38))&IF(OR(C38="TERM",C38="NONE"),"",IF(D38="TERM","",IF(D38="",",",", "))) -> KC_Z, | D70: =IF(D38="TERM","",IF(D38="NONE",REPT(" ",17),REPT(" ",15-LEN(D38))&D38))&IF(OR(D38="TERM",D38="NONE"),"",IF(E38="TERM","",IF(E38="",",",", "))) -> KC_X, | E70: =IF(E38="TERM","",IF(E38="NONE",REPT(" ",17),REPT(" ",15-LEN(E38))&E38))&IF(OR(E38="TERM",E38="NONE"),"",IF(F38="TERM","",IF(F38="",",",", "))) -> KC_C, | F70: =IF(F38="TERM","",IF(F38="NONE",REPT(" ",17),REPT(" ",15-LEN(F38))&F38))&IF(OR(F38="TERM",F38="NONE"),"",IF(G38="TERM","",IF(G38="",",",", "))) -> KC_V, | G70: =IF(G38="TERM","",IF(G38="NONE",REPT(" ",17),REPT(" ",15-LEN(G38))&G38))&IF(OR(G38="TERM",G38="NONE"),"",IF(H38="TERM","",IF(H38="",",",", "))) -> KC_B, | H70: =IF(H38="TERM","",IF(H38="NONE",REPT(" ",17),REPT(" ",15-LEN(H38))&H38))&IF(OR(H38="TERM",H38="NONE"),"",IF(I38="TERM","",IF(I38="",",",", "))) -> KC_BSPC, | I70: =IF(I38="TERM","",IF(I38="NONE",REPT(" ",17),REPT(" ",15-LEN(I38))&I38))&IF(OR(I38="TERM",I38="NONE"),"",IF(J38="TERM","",IF(J38="",",",", "))) -> KC_DEL, | ... O70: =IF(O38="TERM","",IF(O38="NONE",REPT(" ",17),REPT(" ",15-LEN(O38))&O38))&IF(OR(O38="TERM",O38="NONE"),"",IF(P38="TERM","",IF(P38="",",",", "))) -> KC_INT1,
B71: =IF(B39="TERM","",IF(B39="NONE",REPT(" ",17),REPT(" ",15-LEN(B39))&B39))&IF(OR(B39="TERM",B39="NONE"),"",IF(C39="TERM","",IF(C39="",",",", "))) | C71: =IF(C39="TERM","",IF(C39="NONE",REPT(" ",17),REPT(" ",15-LEN(C39))&C39))&IF(OR(C39="TERM",C39="NONE"),"",IF(D39="TERM","",IF(D39="",",",", "))) | D71: =IF(D39="TERM","",IF(D39="NONE",REPT(" ",17),REPT(" ",15-LEN(D39))&D39))&IF(OR(D39="TERM",D39="NONE"),"",IF(E39="TERM","",IF(E39="",",",", "))) | E71: =IF(E39="TERM","",IF(E39="NONE",REPT(" ",17),REPT(" ",15-LEN(E39))&E39))&IF(OR(E39="TERM",E39="NONE"),"",IF(F39="TERM","",IF(F39="",",",", "))) -> KC_LGUI, | F71: =IF(F39="TERM","",IF(F39="NONE",REPT(" ",17),REPT(" ",15-LEN(F39))&F39))&IF(OR(F39="TERM",F39="NONE"),"",IF(G39="TERM","",IF(G39="",",",", "))) -> TG_R, | G71: =IF(G39="TERM","",IF(G39="NONE",REPT(" ",17),REPT(" ",15-LEN(G39))&G39))&IF(OR(G39="TERM",G39="NONE"),"",IF(H39="TERM","",IF(H39="",",",", "))) -> MO_R, | H71: =IF(H39="TERM","",IF(H39="NONE",REPT(" ",17),REPT(" ",15-LEN(H39))&H39))&IF(OR(H39="TERM",H39="NONE"),"",IF(I39="TERM","",IF(I39="",",",", "))) -> LSFT_SPC, | I71: =IF(I39="TERM","",IF(I39="NONE",REPT(" ",17),REPT(" ",15-LEN(I39))&I39))&IF(OR(I39="TERM",I39="NONE"),"",IF(J39="TERM","",IF(J39="",",",", "))) -> RSTF_ENT, | ... O71: =IF(O39="TERM","",IF(O39="NONE",REPT(" ",17),REPT(" ",15-LEN(O39))&O39))&IF(OR(O39="TERM",O39="NONE"),"",IF(P39="TERM","",IF(P39="",",",", ")))
A72: LOWER | B72: =IF(B40="TERM","",IF(B40="NONE",REPT(" ",17),REPT(" ",15-LEN(B40))&B40))&IF(OR(B40="TERM",B40="NONE"),"",IF(C40="TERM","",IF(C40="",",",", "))) -> _______, | C72: =IF(C40="TERM","",IF(C40="NONE",REPT(" ",17),REPT(" ",15-LEN(C40))&C40))&IF(OR(C40="TERM",C40="NONE"),"",IF(D40="TERM","",IF(D40="",",",", "))) -> _______, | D72: =IF(D40="TERM","",IF(D40="NONE",REPT(" ",17),REPT(" ",15-LEN(D40))&D40))&IF(OR(D40="TERM",D40="NONE"),"",IF(E40="TERM","",IF(E40="",",",", "))) -> _______, | E72: =IF(E40="TERM","",IF(E40="NONE",REPT(" ",17),REPT(" ",15-LEN(E40))&E40))&IF(OR(E40="TERM",E40="NONE"),"",IF(F40="TERM","",IF(F40="",",",", "))) -> _______, | F72: =IF(F40="TERM","",IF(F40="NONE",REPT(" ",17),REPT(" ",15-LEN(F40))&F40))&IF(OR(F40="TERM",F40="NONE"),"",IF(G40="TERM","",IF(G40="",",",", "))) -> _______, | G72: =IF(G40="TERM","",IF(G40="NONE",REPT(" ",17),REPT(" ",15-LEN(G40))&G40))&IF(OR(G40="TERM",G40="NONE"),"",IF(H40="TERM","",IF(H40="",",",", "))) -> _______, | H72: =IF(H40="TERM","",IF(H40="NONE",REPT(" ",17),REPT(" ",15-LEN(H40))&H40))&IF(OR(H40="TERM",H40="NONE"),"",IF(I40="TERM","",IF(I40="",",",", "))) | I72: =IF(I40="TERM","",IF(I40="NONE",REPT(" ",17),REPT(" ",15-LEN(I40))&I40))&IF(OR(I40="TERM",I40="NONE"),"",IF(J40="TERM","",IF(J40="",",",", "))) | ... O72: =IF(O40="TERM","",IF(O40="NONE",REPT(" ",17),REPT(" ",15-LEN(O40))&O40))&IF(OR(O40="TERM",O40="NONE"),"",IF(P40="TERM","",IF(P40="",",",", "))) -> _______,
B73: =IF(B41="TERM","",IF(B41="NONE",REPT(" ",17),REPT(" ",15-LEN(B41))&B41))&IF(OR(B41="TERM",B41="NONE"),"",IF(C41="TERM","",IF(C41="",",",", "))) -> KC_APP, | C73: =IF(C41="TERM","",IF(C41="NONE",REPT(" ",17),REPT(" ",15-LEN(C41))&C41))&IF(OR(C41="TERM",C41="NONE"),"",IF(D41="TERM","",IF(D41="",",",", "))) -> S(KC_1), | D73: =IF(D41="TERM","",IF(D41="NONE",REPT(" ",17),REPT(" ",15-LEN(D41))&D41))&IF(OR(D41="TERM",D41="NONE"),"",IF(E41="TERM","",IF(E41="",",",", "))) -> S(KC_2), | E73: =IF(E41="TERM","",IF(E41="NONE",REPT(" ",17),REPT(" ",15-LEN(E41))&E41))&IF(OR(E41="TERM",E41="NONE"),"",IF(F41="TERM","",IF(F41="",",",", "))) -> S(KC_3), | F73: =IF(F41="TERM","",IF(F41="NONE",REPT(" ",17),REPT(" ",15-LEN(F41))&F41))&IF(OR(F41="TERM",F41="NONE"),"",IF(G41="TERM","",IF(G41="",",",", "))) -> S(KC_4), | G73: =IF(G41="TERM","",IF(G41="NONE",REPT(" ",17),REPT(" ",15-LEN(G41))&G41))&IF(OR(G41="TERM",G41="NONE"),"",IF(H41="TERM","",IF(H41="",",",", "))) -> S(KC_5), | H73: =IF(H41="TERM","",IF(H41="NONE",REPT(" ",17),REPT(" ",15-LEN(H41))&H41))&IF(OR(H41="TERM",H41="NONE"),"",IF(I41="TERM","",IF(I41="",",",", "))) | I73: =IF(I41="TERM","",IF(I41="NONE",REPT(" ",17),REPT(" ",15-LEN(I41))&I41))&IF(OR(I41="TERM",I41="NONE"),"",IF(J41="TERM","",IF(J41="",",",", "))) | ... O73: =IF(O41="TERM","",IF(O41="NONE",REPT(" ",17),REPT(" ",15-LEN(O41))&O41))&IF(OR(O41="TERM",O41="NONE"),"",IF(P41="TERM","",IF(P41="",",",", "))) -> XXXXXXX,
B74: =IF(B42="TERM","",IF(B42="NONE",REPT(" ",17),REPT(" ",15-LEN(B42))&B42))&IF(OR(B42="TERM",B42="NONE"),"",IF(C42="TERM","",IF(C42="",",",", "))) -> KC_LGUI, | C74: =IF(C42="TERM","",IF(C42="NONE",REPT(" ",17),REPT(" ",15-LEN(C42))&C42))&IF(OR(C42="TERM",C42="NONE"),"",IF(D42="TERM","",IF(D42="",",",", "))) -> XXXXXXX, | D74: =IF(D42="TERM","",IF(D42="NONE",REPT(" ",17),REPT(" ",15-LEN(D42))&D42))&IF(OR(D42="TERM",D42="NONE"),"",IF(E42="TERM","",IF(E42="",",",", "))) -> KC_HOME, | E74: =IF(E42="TERM","",IF(E42="NONE",REPT(" ",17),REPT(" ",15-LEN(E42))&E42))&IF(OR(E42="TERM",E42="NONE"),"",IF(F42="TERM","",IF(F42="",",",", "))) -> KC_PGUP, | F74: =IF(F42="TERM","",IF(F42="NONE",REPT(" ",17),REPT(" ",15-LEN(F42))&F42))&IF(OR(F42="TERM",F42="NONE"),"",IF(G42="TERM","",IF(G42="",",",", "))) -> KC_PGDN, | G74: =IF(G42="TERM","",IF(G42="NONE",REPT(" ",17),REPT(" ",15-LEN(G42))&G42))&IF(OR(G42="TERM",G42="NONE"),"",IF(H42="TERM","",IF(H42="",",",", "))) -> KC_END, | H74: =IF(H42="TERM","",IF(H42="NONE",REPT(" ",17),REPT(" ",15-LEN(H42))&H42))&IF(OR(H42="TERM",H42="NONE"),"",IF(I42="TERM","",IF(I42="",",",", "))) | I74: =IF(I42="TERM","",IF(I42="NONE",REPT(" ",17),REPT(" ",15-LEN(I42))&I42))&IF(OR(I42="TERM",I42="NONE"),"",IF(J42="TERM","",IF(J42="",",",", "))) | ... O74: =IF(O42="TERM","",IF(O42="NONE",REPT(" ",17),REPT(" ",15-LEN(O42))&O42))&IF(OR(O42="TERM",O42="NONE"),"",IF(P42="TERM","",IF(P42="",",",", "))) -> KC_MINS,
B75: =IF(B43="TERM","",IF(B43="NONE",REPT(" ",17),REPT(" ",15-LEN(B43))&B43))&IF(OR(B43="TERM",B43="NONE"),"",IF(C43="TERM","",IF(C43="",",",", "))) -> _______, | C75: =IF(C43="TERM","",IF(C43="NONE",REPT(" ",17),REPT(" ",15-LEN(C43))&C43))&IF(OR(C43="TERM",C43="NONE"),"",IF(D43="TERM","",IF(D43="",",",", "))) -> KC_LALT, | D75: =IF(D43="TERM","",IF(D43="NONE",REPT(" ",17),REPT(" ",15-LEN(D43))&D43))&IF(OR(D43="TERM",D43="NONE"),"",IF(E43="TERM","",IF(E43="",",",", "))) -> XXXXXXX, | E75: =IF(E43="TERM","",IF(E43="NONE",REPT(" ",17),REPT(" ",15-LEN(E43))&E43))&IF(OR(E43="TERM",E43="NONE"),"",IF(F43="TERM","",IF(F43="",",",", "))) -> XXXXXXX, | F75: =IF(F43="TERM","",IF(F43="NONE",REPT(" ",17),REPT(" ",15-LEN(F43))&F43))&IF(OR(F43="TERM",F43="NONE"),"",IF(G43="TERM","",IF(G43="",",",", "))) -> KC_INT5, | G75: =IF(G43="TERM","",IF(G43="NONE",REPT(" ",17),REPT(" ",15-LEN(G43))&G43))&IF(OR(G43="TERM",G43="NONE"),"",IF(H43="TERM","",IF(H43="",",",", "))) -> KC_BSPC, | H75: =IF(H43="TERM","",IF(H43="NONE",REPT(" ",17),REPT(" ",15-LEN(H43))&H43))&IF(OR(H43="TERM",H43="NONE"),"",IF(I43="TERM","",IF(I43="",",",", "))) -> _______, | I75: =IF(I43="TERM","",IF(I43="NONE",REPT(" ",17),REPT(" ",15-LEN(I43))&I43))&IF(OR(I43="TERM",I43="NONE"),"",IF(J43="TERM","",IF(J43="",",",", "))) -> _______, | ... O75: =IF(O43="TERM","",IF(O43="NONE",REPT(" ",17),REPT(" ",15-LEN(O43))&O43))&IF(OR(O43="TERM",O43="NONE"),"",IF(P43="TERM","",IF(P43="",",",", "))) -> S(KC_INT3),
B76: =IF(B44="TERM","",IF(B44="NONE",REPT(" ",17),REPT(" ",15-LEN(B44))&B44))&IF(OR(B44="TERM",B44="NONE"),"",IF(C44="TERM","",IF(C44="",",",", "))) | C76: =IF(C44="TERM","",IF(C44="NONE",REPT(" ",17),REPT(" ",15-LEN(C44))&C44))&IF(OR(C44="TERM",C44="NONE"),"",IF(D44="TERM","",IF(D44="",",",", "))) | D76: =IF(D44="TERM","",IF(D44="NONE",REPT(" ",17),REPT(" ",15-LEN(D44))&D44))&IF(OR(D44="TERM",D44="NONE"),"",IF(E44="TERM","",IF(E44="",",",", "))) | E76: =IF(E44="TERM","",IF(E44="NONE",REPT(" ",17),REPT(" ",15-LEN(E44))&E44))&IF(OR(E44="TERM",E44="NONE"),"",IF(F44="TERM","",IF(F44="",",",", "))) -> _______, | F76: =IF(F44="TERM","",IF(F44="NONE",REPT(" ",17),REPT(" ",15-LEN(F44))&F44))&IF(OR(F44="TERM",F44="NONE"),"",IF(G44="TERM","",IF(G44="",",",", "))) -> _______, | G76: =IF(G44="TERM","",IF(G44="NONE",REPT(" ",17),REPT(" ",15-LEN(G44))&G44))&IF(OR(G44="TERM",G44="NONE"),"",IF(H44="TERM","",IF(H44="",",",", "))) -> _______, | H76: =IF(H44="TERM","",IF(H44="NONE",REPT(" ",17),REPT(" ",15-LEN(H44))&H44))&IF(OR(H44="TERM",H44="NONE"),"",IF(I44="TERM","",IF(I44="",",",", "))) -> _______, | I76: =IF(I44="TERM","",IF(I44="NONE",REPT(" ",17),REPT(" ",15-LEN(I44))&I44))&IF(OR(I44="TERM",I44="NONE"),"",IF(J44="TERM","",IF(J44="",",",", "))) -> _______, | ... O76: =IF(O44="TERM","",IF(O44="NONE",REPT(" ",17),REPT(" ",15-LEN(O44))&O44))&IF(OR(O44="TERM",O44="NONE"),"",IF(P44="TERM","",IF(P44="",",",", ")))
A77: RAISE | B77: =IF(B45="TERM","",IF(B45="NONE",REPT(" ",17),REPT(" ",15-LEN(B45))&B45))&IF(OR(B45="TERM",B45="NONE"),"",IF(C45="TERM","",IF(C45="",",",", "))) -> KC_F1, | C77: =IF(C45="TERM","",IF(C45="NONE",REPT(" ",17),REPT(" ",15-LEN(C45))&C45))&IF(OR(C45="TERM",C45="NONE"),"",IF(D45="TERM","",IF(D45="",",",", "))) -> KC_F2, | D77: =IF(D45="TERM","",IF(D45="NONE",REPT(" ",17),REPT(" ",15-LEN(D45))&D45))&IF(OR(D45="TERM",D45="NONE"),"",IF(E45="TERM","",IF(E45="",",",", "))) -> KC_F3, | E77: =IF(E45="TERM","",IF(E45="NONE",REPT(" ",17),REPT(" ",15-LEN(E45))&E45))&IF(OR(E45="TERM",E45="NONE"),"",IF(F45="TERM","",IF(F45="",",",", "))) -> KC_F4, | F77: =IF(F45="TERM","",IF(F45="NONE",REPT(" ",17),REPT(" ",15-LEN(F45))&F45))&IF(OR(F45="TERM",F45="NONE"),"",IF(G45="TERM","",IF(G45="",",",", "))) -> KC_F5, | G77: =IF(G45="TERM","",IF(G45="NONE",REPT(" ",17),REPT(" ",15-LEN(G45))&G45))&IF(OR(G45="TERM",G45="NONE"),"",IF(H45="TERM","",IF(H45="",",",", "))) -> KC_F6, | H77: =IF(H45="TERM","",IF(H45="NONE",REPT(" ",17),REPT(" ",15-LEN(H45))&H45))&IF(OR(H45="TERM",H45="NONE"),"",IF(I45="TERM","",IF(I45="",",",", "))) | I77: =IF(I45="TERM","",IF(I45="NONE",REPT(" ",17),REPT(" ",15-LEN(I45))&I45))&IF(OR(I45="TERM",I45="NONE"),"",IF(J45="TERM","",IF(J45="",",",", "))) | ... O77: =IF(O45="TERM","",IF(O45="NONE",REPT(" ",17),REPT(" ",15-LEN(O45))&O45))&IF(OR(O45="TERM",O45="NONE"),"",IF(P45="TERM","",IF(P45="",",",", "))) -> KC_F12,
B78: =IF(B46="TERM","",IF(B46="NONE",REPT(" ",17),REPT(" ",15-LEN(B46))&B46))&IF(OR(B46="TERM",B46="NONE"),"",IF(C46="TERM","",IF(C46="",",",", "))) -> XXXXXXX, | C78: =IF(C46="TERM","",IF(C46="NONE",REPT(" ",17),REPT(" ",15-LEN(C46))&C46))&IF(OR(C46="TERM",C46="NONE"),"",IF(D46="TERM","",IF(D46="",",",", "))) -> XXXXXXX, | D78: =IF(D46="TERM","",IF(D46="NONE",REPT(" ",17),REPT(" ",15-LEN(D46))&D46))&IF(OR(D46="TERM",D46="NONE"),"",IF(E46="TERM","",IF(E46="",",",", "))) -> XXXXXXX, | E78: =IF(E46="TERM","",IF(E46="NONE",REPT(" ",17),REPT(" ",15-LEN(E46))&E46))&IF(OR(E46="TERM",E46="NONE"),"",IF(F46="TERM","",IF(F46="",",",", "))) -> XXXXXXX, | F78: =IF(F46="TERM","",IF(F46="NONE",REPT(" ",17),REPT(" ",15-LEN(F46))&F46))&IF(OR(F46="TERM",F46="NONE"),"",IF(G46="TERM","",IF(G46="",",",", "))) -> XXXXXXX, | G78: =IF(G46="TERM","",IF(G46="NONE",REPT(" ",17),REPT(" ",15-LEN(G46))&G46))&IF(OR(G46="TERM",G46="NONE"),"",IF(H46="TERM","",IF(H46="",",",", "))) -> XXXXXXX, | H78: =IF(H46="TERM","",IF(H46="NONE",REPT(" ",17),REPT(" ",15-LEN(H46))&H46))&IF(OR(H46="TERM",H46="NONE"),"",IF(I46="TERM","",IF(I46="",",",", "))) | I78: =IF(I46="TERM","",IF(I46="NONE",REPT(" ",17),REPT(" ",15-LEN(I46))&I46))&IF(OR(I46="TERM",I46="NONE"),"",IF(J46="TERM","",IF(J46="",",",", "))) | ... O78: =IF(O46="TERM","",IF(O46="NONE",REPT(" ",17),REPT(" ",15-LEN(O46))&O46))&IF(OR(O46="TERM",O46="NONE"),"",IF(P46="TERM","",IF(P46="",",",", "))) -> XXXXXXX,
B79: =IF(B47="TERM","",IF(B47="NONE",REPT(" ",17),REPT(" ",15-LEN(B47))&B47))&IF(OR(B47="TERM",B47="NONE"),"",IF(C47="TERM","",IF(C47="",",",", "))) -> KC_GRV, | C79: =IF(C47="TERM","",IF(C47="NONE",REPT(" ",17),REPT(" ",15-LEN(C47))&C47))&IF(OR(C47="TERM",C47="NONE"),"",IF(D47="TERM","",IF(D47="",",",", "))) -> KC_1, | D79: =IF(D47="TERM","",IF(D47="NONE",REPT(" ",17),REPT(" ",15-LEN(D47))&D47))&IF(OR(D47="TERM",D47="NONE"),"",IF(E47="TERM","",IF(E47="",",",", "))) -> KC_2, | E79: =IF(E47="TERM","",IF(E47="NONE",REPT(" ",17),REPT(" ",15-LEN(E47))&E47))&IF(OR(E47="TERM",E47="NONE"),"",IF(F47="TERM","",IF(F47="",",",", "))) -> KC_3, | F79: =IF(F47="TERM","",IF(F47="NONE",REPT(" ",17),REPT(" ",15-LEN(F47))&F47))&IF(OR(F47="TERM",F47="NONE"),"",IF(G47="TERM","",IF(G47="",",",", "))) -> KC_4, | G79: =IF(G47="TERM","",IF(G47="NONE",REPT(" ",17),REPT(" ",15-LEN(G47))&G47))&IF(OR(G47="TERM",G47="NONE"),"",IF(H47="TERM","",IF(H47="",",",", "))) -> KC_5, | H79: =IF(H47="TERM","",IF(H47="NONE",REPT(" ",17),REPT(" ",15-LEN(H47))&H47))&IF(OR(H47="TERM",H47="NONE"),"",IF(I47="TERM","",IF(I47="",",",", "))) | I79: =IF(I47="TERM","",IF(I47="NONE",REPT(" ",17),REPT(" ",15-LEN(I47))&I47))&IF(OR(I47="TERM",I47="NONE"),"",IF(J47="TERM","",IF(J47="",",",", "))) | ... O79: =IF(O47="TERM","",IF(O47="NONE",REPT(" ",17),REPT(" ",15-LEN(O47))&O47))&IF(OR(O47="TERM",O47="NONE"),"",IF(P47="TERM","",IF(P47="",",",", "))) -> _______,
B80: =IF(B48="TERM","",IF(B48="NONE",REPT(" ",17),REPT(" ",15-LEN(B48))&B48))&IF(OR(B48="TERM",B48="NONE"),"",IF(C48="TERM","",IF(C48="",",",", "))) -> _______, | C80: =IF(C48="TERM","",IF(C48="NONE",REPT(" ",17),REPT(" ",15-LEN(C48))&C48))&IF(OR(C48="TERM",C48="NONE"),"",IF(D48="TERM","",IF(D48="",",",", "))) -> _______, | D80: =IF(D48="TERM","",IF(D48="NONE",REPT(" ",17),REPT(" ",15-LEN(D48))&D48))&IF(OR(D48="TERM",D48="NONE"),"",IF(E48="TERM","",IF(E48="",",",", "))) -> MS_WHLL, | E80: =IF(E48="TERM","",IF(E48="NONE",REPT(" ",17),REPT(" ",15-LEN(E48))&E48))&IF(OR(E48="TERM",E48="NONE"),"",IF(F48="TERM","",IF(F48="",",",", "))) -> MS_WHLR, | F80: =IF(F48="TERM","",IF(F48="NONE",REPT(" ",17),REPT(" ",15-LEN(F48))&F48))&IF(OR(F48="TERM",F48="NONE"),"",IF(G48="TERM","",IF(G48="",",",", "))) -> _______, | G80: =IF(G48="TERM","",IF(G48="NONE",REPT(" ",17),REPT(" ",15-LEN(G48))&G48))&IF(OR(G48="TERM",G48="NONE"),"",IF(H48="TERM","",IF(H48="",",",", "))) -> _______, | H80: =IF(H48="TERM","",IF(H48="NONE",REPT(" ",17),REPT(" ",15-LEN(H48))&H48))&IF(OR(H48="TERM",H48="NONE"),"",IF(I48="TERM","",IF(I48="",",",", "))) -> _______, | I80: =IF(I48="TERM","",IF(I48="NONE",REPT(" ",17),REPT(" ",15-LEN(I48))&I48))&IF(OR(I48="TERM",I48="NONE"),"",IF(J48="TERM","",IF(J48="",",",", "))) -> _______, | ... O80: =IF(O48="TERM","",IF(O48="NONE",REPT(" ",17),REPT(" ",15-LEN(O48))&O48))&IF(OR(O48="TERM",O48="NONE"),"",IF(P48="TERM","",IF(P48="",",",", "))) -> KC_INT1,
B81: =IF(B49="TERM","",IF(B49="NONE",REPT(" ",17),REPT(" ",15-LEN(B49))&B49))&IF(OR(B49="TERM",B49="NONE"),"",IF(C49="TERM","",IF(C49="",",",", "))) | C81: =IF(C49="TERM","",IF(C49="NONE",REPT(" ",17),REPT(" ",15-LEN(C49))&C49))&IF(OR(C49="TERM",C49="NONE"),"",IF(D49="TERM","",IF(D49="",",",", "))) | D81: =IF(D49="TERM","",IF(D49="NONE",REPT(" ",17),REPT(" ",15-LEN(D49))&D49))&IF(OR(D49="TERM",D49="NONE"),"",IF(E49="TERM","",IF(E49="",",",", "))) | E81: =IF(E49="TERM","",IF(E49="NONE",REPT(" ",17),REPT(" ",15-LEN(E49))&E49))&IF(OR(E49="TERM",E49="NONE"),"",IF(F49="TERM","",IF(F49="",",",", "))) -> _______, | F81: =IF(F49="TERM","",IF(F49="NONE",REPT(" ",17),REPT(" ",15-LEN(F49))&F49))&IF(OR(F49="TERM",F49="NONE"),"",IF(G49="TERM","",IF(G49="",",",", "))) -> _______, | G81: =IF(G49="TERM","",IF(G49="NONE",REPT(" ",17),REPT(" ",15-LEN(G49))&G49))&IF(OR(G49="TERM",G49="NONE"),"",IF(H49="TERM","",IF(H49="",",",", "))) -> _______, | H81: =IF(H49="TERM","",IF(H49="NONE",REPT(" ",17),REPT(" ",15-LEN(H49))&H49))&IF(OR(H49="TERM",H49="NONE"),"",IF(I49="TERM","",IF(I49="",",",", "))) -> _______, | I81: =IF(I49="TERM","",IF(I49="NONE",REPT(" ",17),REPT(" ",15-LEN(I49))&I49))&IF(OR(I49="TERM",I49="NONE"),"",IF(J49="TERM","",IF(J49="",",",", "))) -> _______, | ... O81: =IF(O49="TERM","",IF(O49="NONE",REPT(" ",17),REPT(" ",15-LEN(O49))&O49))&IF(OR(O49="TERM",O49="NONE"),"",IF(P49="TERM","",IF(P49="",",",", ")))
A82: ADJUST | B82: =IF(B50="TERM","",IF(B50="NONE",REPT(" ",17),REPT(" ",15-LEN(B50))&B50))&IF(OR(B50="TERM",B50="NONE"),"",IF(C50="TERM","",IF(C50="",",",", "))) -> KC_ESC, | C82: =IF(C50="TERM","",IF(C50="NONE",REPT(" ",17),REPT(" ",15-LEN(C50))&C50))&IF(OR(C50="TERM",C50="NONE"),"",IF(D50="TERM","",IF(D50="",",",", "))) -> KC_1, | D82: =IF(D50="TERM","",IF(D50="NONE",REPT(" ",17),REPT(" ",15-LEN(D50))&D50))&IF(OR(D50="TERM",D50="NONE"),"",IF(E50="TERM","",IF(E50="",",",", "))) -> KC_2, | E82: =IF(E50="TERM","",IF(E50="NONE",REPT(" ",17),REPT(" ",15-LEN(E50))&E50))&IF(OR(E50="TERM",E50="NONE"),"",IF(F50="TERM","",IF(F50="",",",", "))) -> KC_3, | F82: =IF(F50="TERM","",IF(F50="NONE",REPT(" ",17),REPT(" ",15-LEN(F50))&F50))&IF(OR(F50="TERM",F50="NONE"),"",IF(G50="TERM","",IF(G50="",",",", "))) -> KC_4, | G82: =IF(G50="TERM","",IF(G50="NONE",REPT(" ",17),REPT(" ",15-LEN(G50))&G50))&IF(OR(G50="TERM",G50="NONE"),"",IF(H50="TERM","",IF(H50="",",",", "))) -> KC_5, | H82: =IF(H50="TERM","",IF(H50="NONE",REPT(" ",17),REPT(" ",15-LEN(H50))&H50))&IF(OR(H50="TERM",H50="NONE"),"",IF(I50="TERM","",IF(I50="",",",", "))) | I82: =IF(I50="TERM","",IF(I50="NONE",REPT(" ",17),REPT(" ",15-LEN(I50))&I50))&IF(OR(I50="TERM",I50="NONE"),"",IF(J50="TERM","",IF(J50="",",",", "))) | ... O82: =IF(O50="TERM","",IF(O50="NONE",REPT(" ",17),REPT(" ",15-LEN(O50))&O50))&IF(OR(O50="TERM",O50="NONE"),"",IF(P50="TERM","",IF(P50="",",",", "))) -> KC_MINS,
B83: =IF(B51="TERM","",IF(B51="NONE",REPT(" ",17),REPT(" ",15-LEN(B51))&B51))&IF(OR(B51="TERM",B51="NONE"),"",IF(C51="TERM","",IF(C51="",",",", "))) -> KC_TAB, | C83: =IF(C51="TERM","",IF(C51="NONE",REPT(" ",17),REPT(" ",15-LEN(C51))&C51))&IF(OR(C51="TERM",C51="NONE"),"",IF(D51="TERM","",IF(D51="",",",", "))) -> KC_Q, | D83: =IF(D51="TERM","",IF(D51="NONE",REPT(" ",17),REPT(" ",15-LEN(D51))&D51))&IF(OR(D51="TERM",D51="NONE"),"",IF(E51="TERM","",IF(E51="",",",", "))) -> KC_W, | E83: =IF(E51="TERM","",IF(E51="NONE",REPT(" ",17),REPT(" ",15-LEN(E51))&E51))&IF(OR(E51="TERM",E51="NONE"),"",IF(F51="TERM","",IF(F51="",",",", "))) -> KC_E, | F83: =IF(F51="TERM","",IF(F51="NONE",REPT(" ",17),REPT(" ",15-LEN(F51))&F51))&IF(OR(F51="TERM",F51="NONE"),"",IF(G51="TERM","",IF(G51="",",",", "))) -> KC_R, | G83: =IF(G51="TERM","",IF(G51="NONE",REPT(" ",17),REPT(" ",15-LEN(G51))&G51))&IF(OR(G51="TERM",G51="NONE"),"",IF(H51="TERM","",IF(H51="",",",", "))) -> KC_T, | H83: =IF(H51="TERM","",IF(H51="NONE",REPT(" ",17),REPT(" ",15-LEN(H51))&H51))&IF(OR(H51="TERM",H51="NONE"),"",IF(I51="TERM","",IF(I51="",",",", "))) | I83: =IF(I51="TERM","",IF(I51="NONE",REPT(" ",17),REPT(" ",15-LEN(I51))&I51))&IF(OR(I51="TERM",I51="NONE"),"",IF(J51="TERM","",IF(J51="",",",", "))) | ... O83: =IF(O51="TERM","",IF(O51="NONE",REPT(" ",17),REPT(" ",15-LEN(O51))&O51))&IF(OR(O51="TERM",O51="NONE"),"",IF(P51="TERM","",IF(P51="",",",", "))) -> KC_LBRC,
B84: =IF(B52="TERM","",IF(B52="NONE",REPT(" ",17),REPT(" ",15-LEN(B52))&B52))&IF(OR(B52="TERM",B52="NONE"),"",IF(C52="TERM","",IF(C52="",",",", "))) -> KC_LCTL, | C84: =IF(C52="TERM","",IF(C52="NONE",REPT(" ",17),REPT(" ",15-LEN(C52))&C52))&IF(OR(C52="TERM",C52="NONE"),"",IF(D52="TERM","",IF(D52="",",",", "))) -> KC_A, | D84: =IF(D52="TERM","",IF(D52="NONE",REPT(" ",17),REPT(" ",15-LEN(D52))&D52))&IF(OR(D52="TERM",D52="NONE"),"",IF(E52="TERM","",IF(E52="",",",", "))) -> KC_S, | E84: =IF(E52="TERM","",IF(E52="NONE",REPT(" ",17),REPT(" ",15-LEN(E52))&E52))&IF(OR(E52="TERM",E52="NONE"),"",IF(F52="TERM","",IF(F52="",",",", "))) -> KC_D, | F84: =IF(F52="TERM","",IF(F52="NONE",REPT(" ",17),REPT(" ",15-LEN(F52))&F52))&IF(OR(F52="TERM",F52="NONE"),"",IF(G52="TERM","",IF(G52="",",",", "))) -> KC_F, | G84: =IF(G52="TERM","",IF(G52="NONE",REPT(" ",17),REPT(" ",15-LEN(G52))&G52))&IF(OR(G52="TERM",G52="NONE"),"",IF(H52="TERM","",IF(H52="",",",", "))) -> KC_G, | H84: =IF(H52="TERM","",IF(H52="NONE",REPT(" ",17),REPT(" ",15-LEN(H52))&H52))&IF(OR(H52="TERM",H52="NONE"),"",IF(I52="TERM","",IF(I52="",",",", "))) | I84: =IF(I52="TERM","",IF(I52="NONE",REPT(" ",17),REPT(" ",15-LEN(I52))&I52))&IF(OR(I52="TERM",I52="NONE"),"",IF(J52="TERM","",IF(J52="",",",", "))) | ... O84: =IF(O52="TERM","",IF(O52="NONE",REPT(" ",17),REPT(" ",15-LEN(O52))&O52))&IF(OR(O52="TERM",O52="NONE"),"",IF(P52="TERM","",IF(P52="",",",", "))) -> KC_QUOT,
B85: =IF(B53="TERM","",IF(B53="NONE",REPT(" ",17),REPT(" ",15-LEN(B53))&B53))&IF(OR(B53="TERM",B53="NONE"),"",IF(C53="TERM","",IF(C53="",",",", "))) -> KC_LSFT, | C85: =IF(C53="TERM","",IF(C53="NONE",REPT(" ",17),REPT(" ",15-LEN(C53))&C53))&IF(OR(C53="TERM",C53="NONE"),"",IF(D53="TERM","",IF(D53="",",",", "))) -> KC_Z, | D85: =IF(D53="TERM","",IF(D53="NONE",REPT(" ",17),REPT(" ",15-LEN(D53))&D53))&IF(OR(D53="TERM",D53="NONE"),"",IF(E53="TERM","",IF(E53="",",",", "))) -> KC_X, | E85: =IF(E53="TERM","",IF(E53="NONE",REPT(" ",17),REPT(" ",15-LEN(E53))&E53))&IF(OR(E53="TERM",E53="NONE"),"",IF(F53="TERM","",IF(F53="",",",", "))) -> KC_C, | F85: =IF(F53="TERM","",IF(F53="NONE",REPT(" ",17),REPT(" ",15-LEN(F53))&F53))&IF(OR(F53="TERM",F53="NONE"),"",IF(G53="TERM","",IF(G53="",",",", "))) -> KC_V, | G85: =IF(G53="TERM","",IF(G53="NONE",REPT(" ",17),REPT(" ",15-LEN(G53))&G53))&IF(OR(G53="TERM",G53="NONE"),"",IF(H53="TERM","",IF(H53="",",",", "))) -> KC_B, | H85: =IF(H53="TERM","",IF(H53="NONE",REPT(" ",17),REPT(" ",15-LEN(H53))&H53))&IF(OR(H53="TERM",H53="NONE"),"",IF(I53="TERM","",IF(I53="",",",", "))) -> _______, | I85: =IF(I53="TERM","",IF(I53="NONE",REPT(" ",17),REPT(" ",15-LEN(I53))&I53))&IF(OR(I53="TERM",I53="NONE"),"",IF(J53="TERM","",IF(J53="",",",", "))) -> _______, | ... O85: =IF(O53="TERM","",IF(O53="NONE",REPT(" ",17),REPT(" ",15-LEN(O53))&O53))&IF(OR(O53="TERM",O53="NONE"),"",IF(P53="TERM","",IF(P53="",",",", "))) -> _______,
B86: =IF(B54="TERM","",IF(B54="NONE",REPT(" ",17),REPT(" ",15-LEN(B54))&B54))&IF(OR(B54="TERM",B54="NONE"),"",IF(C54="TERM","",IF(C54="",",",", "))) | C86: =IF(C54="TERM","",IF(C54="NONE",REPT(" ",17),REPT(" ",15-LEN(C54))&C54))&IF(OR(C54="TERM",C54="NONE"),"",IF(D54="TERM","",IF(D54="",",",", "))) | D86: =IF(D54="TERM","",IF(D54="NONE",REPT(" ",17),REPT(" ",15-LEN(D54))&D54))&IF(OR(D54="TERM",D54="NONE"),"",IF(E54="TERM","",IF(E54="",",",", "))) | E86: =IF(E54="TERM","",IF(E54="NONE",REPT(" ",17),REPT(" ",15-LEN(E54))&E54))&IF(OR(E54="TERM",E54="NONE"),"",IF(F54="TERM","",IF(F54="",",",", "))) -> _______, | F86: =IF(F54="TERM","",IF(F54="NONE",REPT(" ",17),REPT(" ",15-LEN(F54))&F54))&IF(OR(F54="TERM",F54="NONE"),"",IF(G54="TERM","",IF(G54="",",",", "))) -> TG_R, | G86: =IF(G54="TERM","",IF(G54="NONE",REPT(" ",17),REPT(" ",15-LEN(G54))&G54))&IF(OR(G54="TERM",G54="NONE"),"",IF(H54="TERM","",IF(H54="",",",", "))) -> KC_SPC, | H86: =IF(H54="TERM","",IF(H54="NONE",REPT(" ",17),REPT(" ",15-LEN(H54))&H54))&IF(OR(H54="TERM",H54="NONE"),"",IF(I54="TERM","",IF(I54="",",",", "))) -> MO_RA, | I86: =IF(I54="TERM","",IF(I54="NONE",REPT(" ",17),REPT(" ",15-LEN(I54))&I54))&IF(OR(I54="TERM",I54="NONE"),"",IF(J54="TERM","",IF(J54="",",",", "))) -> MO_LA, | ... O86: =IF(O54="TERM","",IF(O54="NONE",REPT(" ",17),REPT(" ",15-LEN(O54))&O54))&IF(OR(O54="TERM",O54="NONE"),"",IF(P54="TERM","",IF(P54="",",",", ")))
A87: LOWER_ADJUST | B87: =IF(B55="TERM","",IF(B55="NONE",REPT(" ",17),REPT(" ",15-LEN(B55))&B55))&IF(OR(B55="TERM",B55="NONE"),"",IF(C55="TERM","",IF(C55="",",",", "))) -> _______, | C87: =IF(C55="TERM","",IF(C55="NONE",REPT(" ",17),REPT(" ",15-LEN(C55))&C55))&IF(OR(C55="TERM",C55="NONE"),"",IF(D55="TERM","",IF(D55="",",",", "))) -> _______, | D87: =IF(D55="TERM","",IF(D55="NONE",REPT(" ",17),REPT(" ",15-LEN(D55))&D55))&IF(OR(D55="TERM",D55="NONE"),"",IF(E55="TERM","",IF(E55="",",",", "))) -> _______, | E87: =IF(E55="TERM","",IF(E55="NONE",REPT(" ",17),REPT(" ",15-LEN(E55))&E55))&IF(OR(E55="TERM",E55="NONE"),"",IF(F55="TERM","",IF(F55="",",",", "))) -> _______, | F87: =IF(F55="TERM","",IF(F55="NONE",REPT(" ",17),REPT(" ",15-LEN(F55))&F55))&IF(OR(F55="TERM",F55="NONE"),"",IF(G55="TERM","",IF(G55="",",",", "))) -> _______, | G87: =IF(G55="TERM","",IF(G55="NONE",REPT(" ",17),REPT(" ",15-LEN(G55))&G55))&IF(OR(G55="TERM",G55="NONE"),"",IF(H55="TERM","",IF(H55="",",",", "))) -> _______, | H87: =IF(H55="TERM","",IF(H55="NONE",REPT(" ",17),REPT(" ",15-LEN(H55))&H55))&IF(OR(H55="TERM",H55="NONE"),"",IF(I55="TERM","",IF(I55="",",",", "))) | I87: =IF(I55="TERM","",IF(I55="NONE",REPT(" ",17),REPT(" ",15-LEN(I55))&I55))&IF(OR(I55="TERM",I55="NONE"),"",IF(J55="TERM","",IF(J55="",",",", "))) | ... O87: =IF(O55="TERM","",IF(O55="NONE",REPT(" ",17),REPT(" ",15-LEN(O55))&O55))&IF(OR(O55="TERM",O55="NONE"),"",IF(P55="TERM","",IF(P55="",",",", "))) -> _______,
B88: =IF(B56="TERM","",IF(B56="NONE",REPT(" ",17),REPT(" ",15-LEN(B56))&B56))&IF(OR(B56="TERM",B56="NONE"),"",IF(C56="TERM","",IF(C56="",",",", "))) -> XXXXXXX, | C88: =IF(C56="TERM","",IF(C56="NONE",REPT(" ",17),REPT(" ",15-LEN(C56))&C56))&IF(OR(C56="TERM",C56="NONE"),"",IF(D56="TERM","",IF(D56="",",",", "))) -> S(KC_1), | D88: =IF(D56="TERM","",IF(D56="NONE",REPT(" ",17),REPT(" ",15-LEN(D56))&D56))&IF(OR(D56="TERM",D56="NONE"),"",IF(E56="TERM","",IF(E56="",",",", "))) -> S(KC_2), | E88: =IF(E56="TERM","",IF(E56="NONE",REPT(" ",17),REPT(" ",15-LEN(E56))&E56))&IF(OR(E56="TERM",E56="NONE"),"",IF(F56="TERM","",IF(F56="",",",", "))) -> S(KC_3), | F88: =IF(F56="TERM","",IF(F56="NONE",REPT(" ",17),REPT(" ",15-LEN(F56))&F56))&IF(OR(F56="TERM",F56="NONE"),"",IF(G56="TERM","",IF(G56="",",",", "))) -> S(KC_4), | G88: =IF(G56="TERM","",IF(G56="NONE",REPT(" ",17),REPT(" ",15-LEN(G56))&G56))&IF(OR(G56="TERM",G56="NONE"),"",IF(H56="TERM","",IF(H56="",",",", "))) -> S(KC_5), | H88: =IF(H56="TERM","",IF(H56="NONE",REPT(" ",17),REPT(" ",15-LEN(H56))&H56))&IF(OR(H56="TERM",H56="NONE"),"",IF(I56="TERM","",IF(I56="",",",", "))) | I88: =IF(I56="TERM","",IF(I56="NONE",REPT(" ",17),REPT(" ",15-LEN(I56))&I56))&IF(OR(I56="TERM",I56="NONE"),"",IF(J56="TERM","",IF(J56="",",",", "))) | ... O88: =IF(O56="TERM","",IF(O56="NONE",REPT(" ",17),REPT(" ",15-LEN(O56))&O56))&IF(OR(O56="TERM",O56="NONE"),"",IF(P56="TERM","",IF(P56="",",",", "))) -> XXXXXXX,
B89: =IF(B57="TERM","",IF(B57="NONE",REPT(" ",17),REPT(" ",15-LEN(B57))&B57))&IF(OR(B57="TERM",B57="NONE"),"",IF(C57="TERM","",IF(C57="",",",", "))) -> XXXXXXX, | C89: =IF(C57="TERM","",IF(C57="NONE",REPT(" ",17),REPT(" ",15-LEN(C57))&C57))&IF(OR(C57="TERM",C57="NONE"),"",IF(D57="TERM","",IF(D57="",",",", "))) -> XXXXXXX, | D89: =IF(D57="TERM","",IF(D57="NONE",REPT(" ",17),REPT(" ",15-LEN(D57))&D57))&IF(OR(D57="TERM",D57="NONE"),"",IF(E57="TERM","",IF(E57="",",",", "))) -> KC_HOME, | E89: =IF(E57="TERM","",IF(E57="NONE",REPT(" ",17),REPT(" ",15-LEN(E57))&E57))&IF(OR(E57="TERM",E57="NONE"),"",IF(F57="TERM","",IF(F57="",",",", "))) -> KC_PGUP, | F89: =IF(F57="TERM","",IF(F57="NONE",REPT(" ",17),REPT(" ",15-LEN(F57))&F57))&IF(OR(F57="TERM",F57="NONE"),"",IF(G57="TERM","",IF(G57="",",",", "))) -> KC_PGDN, | G89: =IF(G57="TERM","",IF(G57="NONE",REPT(" ",17),REPT(" ",15-LEN(G57))&G57))&IF(OR(G57="TERM",G57="NONE"),"",IF(H57="TERM","",IF(H57="",",",", "))) -> KC_END, | H89: =IF(H57="TERM","",IF(H57="NONE",REPT(" ",17),REPT(" ",15-LEN(H57))&H57))&IF(OR(H57="TERM",H57="NONE"),"",IF(I57="TERM","",IF(I57="",",",", "))) | I89: =IF(I57="TERM","",IF(I57="NONE",REPT(" ",17),REPT(" ",15-LEN(I57))&I57))&IF(OR(I57="TERM",I57="NONE"),"",IF(J57="TERM","",IF(J57="",",",", "))) | ... O89: =IF(O57="TERM","",IF(O57="NONE",REPT(" ",17),REPT(" ",15-LEN(O57))&O57))&IF(OR(O57="TERM",O57="NONE"),"",IF(P57="TERM","",IF(P57="",",",", "))) -> KC_MINS,
B90: =IF(B58="TERM","",IF(B58="NONE",REPT(" ",17),REPT(" ",15-LEN(B58))&B58))&IF(OR(B58="TERM",B58="NONE"),"",IF(C58="TERM","",IF(C58="",",",", "))) -> KC_LCTL, | C90: =IF(C58="TERM","",IF(C58="NONE",REPT(" ",17),REPT(" ",15-LEN(C58))&C58))&IF(OR(C58="TERM",C58="NONE"),"",IF(D58="TERM","",IF(D58="",",",", "))) -> KC_LALT, | D90: =IF(D58="TERM","",IF(D58="NONE",REPT(" ",17),REPT(" ",15-LEN(D58))&D58))&IF(OR(D58="TERM",D58="NONE"),"",IF(E58="TERM","",IF(E58="",",",", "))) -> XXXXXXX, | E90: =IF(E58="TERM","",IF(E58="NONE",REPT(" ",17),REPT(" ",15-LEN(E58))&E58))&IF(OR(E58="TERM",E58="NONE"),"",IF(F58="TERM","",IF(F58="",",",", "))) -> XXXXXXX, | F90: =IF(F58="TERM","",IF(F58="NONE",REPT(" ",17),REPT(" ",15-LEN(F58))&F58))&IF(OR(F58="TERM",F58="NONE"),"",IF(G58="TERM","",IF(G58="",",",", "))) -> KC_INT5, | G90: =IF(G58="TERM","",IF(G58="NONE",REPT(" ",17),REPT(" ",15-LEN(G58))&G58))&IF(OR(G58="TERM",G58="NONE"),"",IF(H58="TERM","",IF(H58="",",",", "))) -> KC_BSPC, | H90: =IF(H58="TERM","",IF(H58="NONE",REPT(" ",17),REPT(" ",15-LEN(H58))&H58))&IF(OR(H58="TERM",H58="NONE"),"",IF(I58="TERM","",IF(I58="",",",", "))) -> _______, | I90: =IF(I58="TERM","",IF(I58="NONE",REPT(" ",17),REPT(" ",15-LEN(I58))&I58))&IF(OR(I58="TERM",I58="NONE"),"",IF(J58="TERM","",IF(J58="",",",", "))) -> _______, | ... O90: =IF(O58="TERM","",IF(O58="NONE",REPT(" ",17),REPT(" ",15-LEN(O58))&O58))&IF(OR(O58="TERM",O58="NONE"),"",IF(P58="TERM","",IF(P58="",",",", "))) -> S(KC_INT3),
B91: =IF(B59="TERM","",IF(B59="NONE",REPT(" ",17),REPT(" ",15-LEN(B59))&B59))&IF(OR(B59="TERM",B59="NONE"),"",IF(C59="TERM","",IF(C59="",",",", "))) | C91: =IF(C59="TERM","",IF(C59="NONE",REPT(" ",17),REPT(" ",15-LEN(C59))&C59))&IF(OR(C59="TERM",C59="NONE"),"",IF(D59="TERM","",IF(D59="",",",", "))) | D91: =IF(D59="TERM","",IF(D59="NONE",REPT(" ",17),REPT(" ",15-LEN(D59))&D59))&IF(OR(D59="TERM",D59="NONE"),"",IF(E59="TERM","",IF(E59="",",",", "))) | E91: =IF(E59="TERM","",IF(E59="NONE",REPT(" ",17),REPT(" ",15-LEN(E59))&E59))&IF(OR(E59="TERM",E59="NONE"),"",IF(F59="TERM","",IF(F59="",",",", "))) -> _______, | F91: =IF(F59="TERM","",IF(F59="NONE",REPT(" ",17),REPT(" ",15-LEN(F59))&F59))&IF(OR(F59="TERM",F59="NONE"),"",IF(G59="TERM","",IF(G59="",",",", "))) -> _______, | G91: =IF(G59="TERM","",IF(G59="NONE",REPT(" ",17),REPT(" ",15-LEN(G59))&G59))&IF(OR(G59="TERM",G59="NONE"),"",IF(H59="TERM","",IF(H59="",",",", "))) -> _______, | H91: =IF(H59="TERM","",IF(H59="NONE",REPT(" ",17),REPT(" ",15-LEN(H59))&H59))&IF(OR(H59="TERM",H59="NONE"),"",IF(I59="TERM","",IF(I59="",",",", "))) -> _______, | I91: =IF(I59="TERM","",IF(I59="NONE",REPT(" ",17),REPT(" ",15-LEN(I59))&I59))&IF(OR(I59="TERM",I59="NONE"),"",IF(J59="TERM","",IF(J59="",",",", "))) -> _______, | ... O91: =IF(O59="TERM","",IF(O59="NONE",REPT(" ",17),REPT(" ",15-LEN(O59))&O59))&IF(OR(O59="TERM",O59="NONE"),"",IF(P59="TERM","",IF(P59="",",",", ")))
A92: RAISE_ADJUST | B92: =IF(B60="TERM","",IF(B60="NONE",REPT(" ",17),REPT(" ",15-LEN(B60))&B60))&IF(OR(B60="TERM",B60="NONE"),"",IF(C60="TERM","",IF(C60="",",",", "))) -> KC_F1, | C92: =IF(C60="TERM","",IF(C60="NONE",REPT(" ",17),REPT(" ",15-LEN(C60))&C60))&IF(OR(C60="TERM",C60="NONE"),"",IF(D60="TERM","",IF(D60="",",",", "))) -> KC_F2, | D92: =IF(D60="TERM","",IF(D60="NONE",REPT(" ",17),REPT(" ",15-LEN(D60))&D60))&IF(OR(D60="TERM",D60="NONE"),"",IF(E60="TERM","",IF(E60="",",",", "))) -> KC_F3, | E92: =IF(E60="TERM","",IF(E60="NONE",REPT(" ",17),REPT(" ",15-LEN(E60))&E60))&IF(OR(E60="TERM",E60="NONE"),"",IF(F60="TERM","",IF(F60="",",",", "))) -> KC_F4, | F92: =IF(F60="TERM","",IF(F60="NONE",REPT(" ",17),REPT(" ",15-LEN(F60))&F60))&IF(OR(F60="TERM",F60="NONE"),"",IF(G60="TERM","",IF(G60="",",",", "))) -> KC_F5, | G92: =IF(G60="TERM","",IF(G60="NONE",REPT(" ",17),REPT(" ",15-LEN(G60))&G60))&IF(OR(G60="TERM",G60="NONE"),"",IF(H60="TERM","",IF(H60="",",",", "))) -> KC_F6, | H92: =IF(H60="TERM","",IF(H60="NONE",REPT(" ",17),REPT(" ",15-LEN(H60))&H60))&IF(OR(H60="TERM",H60="NONE"),"",IF(I60="TERM","",IF(I60="",",",", "))) | I92: =IF(I60="TERM","",IF(I60="NONE",REPT(" ",17),REPT(" ",15-LEN(I60))&I60))&IF(OR(I60="TERM",I60="NONE"),"",IF(J60="TERM","",IF(J60="",",",", "))) | ... O92: =IF(O60="TERM","",IF(O60="NONE",REPT(" ",17),REPT(" ",15-LEN(O60))&O60))&IF(OR(O60="TERM",O60="NONE"),"",IF(P60="TERM","",IF(P60="",",",", "))) -> KC_F12,
B93: =IF(B61="TERM","",IF(B61="NONE",REPT(" ",17),REPT(" ",15-LEN(B61))&B61))&IF(OR(B61="TERM",B61="NONE"),"",IF(C61="TERM","",IF(C61="",",",", "))) -> XXXXXXX, | C93: =IF(C61="TERM","",IF(C61="NONE",REPT(" ",17),REPT(" ",15-LEN(C61))&C61))&IF(OR(C61="TERM",C61="NONE"),"",IF(D61="TERM","",IF(D61="",",",", "))) -> XXXXXXX, | D93: =IF(D61="TERM","",IF(D61="NONE",REPT(" ",17),REPT(" ",15-LEN(D61))&D61))&IF(OR(D61="TERM",D61="NONE"),"",IF(E61="TERM","",IF(E61="",",",", "))) -> XXXXXXX, | E93: =IF(E61="TERM","",IF(E61="NONE",REPT(" ",17),REPT(" ",15-LEN(E61))&E61))&IF(OR(E61="TERM",E61="NONE"),"",IF(F61="TERM","",IF(F61="",",",", "))) -> XXXXXXX, | F93: =IF(F61="TERM","",IF(F61="NONE",REPT(" ",17),REPT(" ",15-LEN(F61))&F61))&IF(OR(F61="TERM",F61="NONE"),"",IF(G61="TERM","",IF(G61="",",",", "))) -> XXXXXXX, | G93: =IF(G61="TERM","",IF(G61="NONE",REPT(" ",17),REPT(" ",15-LEN(G61))&G61))&IF(OR(G61="TERM",G61="NONE"),"",IF(H61="TERM","",IF(H61="",",",", "))) -> XXXXXXX, | H93: =IF(H61="TERM","",IF(H61="NONE",REPT(" ",17),REPT(" ",15-LEN(H61))&H61))&IF(OR(H61="TERM",H61="NONE"),"",IF(I61="TERM","",IF(I61="",",",", "))) | I93: =IF(I61="TERM","",IF(I61="NONE",REPT(" ",17),REPT(" ",15-LEN(I61))&I61))&IF(OR(I61="TERM",I61="NONE"),"",IF(J61="TERM","",IF(J61="",",",", "))) | ... O93: =IF(O61="TERM","",IF(O61="NONE",REPT(" ",17),REPT(" ",15-LEN(O61))&O61))&IF(OR(O61="TERM",O61="NONE"),"",IF(P61="TERM","",IF(P61="",",",", "))) -> XXXXXXX,
B94: =IF(B62="TERM","",IF(B62="NONE",REPT(" ",17),REPT(" ",15-LEN(B62))&B62))&IF(OR(B62="TERM",B62="NONE"),"",IF(C62="TERM","",IF(C62="",",",", "))) -> XXXXXXX, | C94: =IF(C62="TERM","",IF(C62="NONE",REPT(" ",17),REPT(" ",15-LEN(C62))&C62))&IF(OR(C62="TERM",C62="NONE"),"",IF(D62="TERM","",IF(D62="",",",", "))) -> KC_1, | D94: =IF(D62="TERM","",IF(D62="NONE",REPT(" ",17),REPT(" ",15-LEN(D62))&D62))&IF(OR(D62="TERM",D62="NONE"),"",IF(E62="TERM","",IF(E62="",",",", "))) -> KC_2, | E94: =IF(E62="TERM","",IF(E62="NONE",REPT(" ",17),REPT(" ",15-LEN(E62))&E62))&IF(OR(E62="TERM",E62="NONE"),"",IF(F62="TERM","",IF(F62="",",",", "))) -> KC_3, | F94: =IF(F62="TERM","",IF(F62="NONE",REPT(" ",17),REPT(" ",15-LEN(F62))&F62))&IF(OR(F62="TERM",F62="NONE"),"",IF(G62="TERM","",IF(G62="",",",", "))) -> KC_4, | G94: =IF(G62="TERM","",IF(G62="NONE",REPT(" ",17),REPT(" ",15-LEN(G62))&G62))&IF(OR(G62="TERM",G62="NONE"),"",IF(H62="TERM","",IF(H62="",",",", "))) -> KC_5, | H94: =IF(H62="TERM","",IF(H62="NONE",REPT(" ",17),REPT(" ",15-LEN(H62))&H62))&IF(OR(H62="TERM",H62="NONE"),"",IF(I62="TERM","",IF(I62="",",",", "))) | I94: =IF(I62="TERM","",IF(I62="NONE",REPT(" ",17),REPT(" ",15-LEN(I62))&I62))&IF(OR(I62="TERM",I62="NONE"),"",IF(J62="TERM","",IF(J62="",",",", "))) | ... O94: =IF(O62="TERM","",IF(O62="NONE",REPT(" ",17),REPT(" ",15-LEN(O62))&O62))&IF(OR(O62="TERM",O62="NONE"),"",IF(P62="TERM","",IF(P62="",",",", "))) -> _______,
B95: =IF(B63="TERM","",IF(B63="NONE",REPT(" ",17),REPT(" ",15-LEN(B63))&B63))&IF(OR(B63="TERM",B63="NONE"),"",IF(C63="TERM","",IF(C63="",",",", "))) -> _______, | C95: =IF(C63="TERM","",IF(C63="NONE",REPT(" ",17),REPT(" ",15-LEN(C63))&C63))&IF(OR(C63="TERM",C63="NONE"),"",IF(D63="TERM","",IF(D63="",",",", "))) -> _______, | D95: =IF(D63="TERM","",IF(D63="NONE",REPT(" ",17),REPT(" ",15-LEN(D63))&D63))&IF(OR(D63="TERM",D63="NONE"),"",IF(E63="TERM","",IF(E63="",",",", "))) -> KC_VOLD, | E95: =IF(E63="TERM","",IF(E63="NONE",REPT(" ",17),REPT(" ",15-LEN(E63))&E63))&IF(OR(E63="TERM",E63="NONE"),"",IF(F63="TERM","",IF(F63="",",",", "))) -> KC_VOLU, | F95: =IF(F63="TERM","",IF(F63="NONE",REPT(" ",17),REPT(" ",15-LEN(F63))&F63))&IF(OR(F63="TERM",F63="NONE"),"",IF(G63="TERM","",IF(G63="",",",", "))) -> _______, | G95: =IF(G63="TERM","",IF(G63="NONE",REPT(" ",17),REPT(" ",15-LEN(G63))&G63))&IF(OR(G63="TERM",G63="NONE"),"",IF(H63="TERM","",IF(H63="",",",", "))) -> _______, | H95: =IF(H63="TERM","",IF(H63="NONE",REPT(" ",17),REPT(" ",15-LEN(H63))&H63))&IF(OR(H63="TERM",H63="NONE"),"",IF(I63="TERM","",IF(I63="",",",", "))) -> _______, | I95: =IF(I63="TERM","",IF(I63="NONE",REPT(" ",17),REPT(" ",15-LEN(I63))&I63))&IF(OR(I63="TERM",I63="NONE"),"",IF(J63="TERM","",IF(J63="",",",", "))) -> _______, | ... O95: =IF(O63="TERM","",IF(O63="NONE",REPT(" ",17),REPT(" ",15-LEN(O63))&O63))&IF(OR(O63="TERM",O63="NONE"),"",IF(P63="TERM","",IF(P63="",",",", "))) -> KC_INT1,
B96: =IF(B64="TERM","",IF(B64="NONE",REPT(" ",17),REPT(" ",15-LEN(B64))&B64))&IF(OR(B64="TERM",B64="NONE"),"",IF(C64="TERM","",IF(C64="",",",", "))) | C96: =IF(C64="TERM","",IF(C64="NONE",REPT(" ",17),REPT(" ",15-LEN(C64))&C64))&IF(OR(C64="TERM",C64="NONE"),"",IF(D64="TERM","",IF(D64="",",",", "))) | D96: =IF(D64="TERM","",IF(D64="NONE",REPT(" ",17),REPT(" ",15-LEN(D64))&D64))&IF(OR(D64="TERM",D64="NONE"),"",IF(E64="TERM","",IF(E64="",",",", "))) | E96: =IF(E64="TERM","",IF(E64="NONE",REPT(" ",17),REPT(" ",15-LEN(E64))&E64))&IF(OR(E64="TERM",E64="NONE"),"",IF(F64="TERM","",IF(F64="",",",", "))) -> _______, | F96: =IF(F64="TERM","",IF(F64="NONE",REPT(" ",17),REPT(" ",15-LEN(F64))&F64))&IF(OR(F64="TERM",F64="NONE"),"",IF(G64="TERM","",IF(G64="",",",", "))) -> _______, | G96: =IF(G64="TERM","",IF(G64="NONE",REPT(" ",17),REPT(" ",15-LEN(G64))&G64))&IF(OR(G64="TERM",G64="NONE"),"",IF(H64="TERM","",IF(H64="",",",", "))) -> _______, | H96: =IF(H64="TERM","",IF(H64="NONE",REPT(" ",17),REPT(" ",15-LEN(H64))&H64))&IF(OR(H64="TERM",H64="NONE"),"",IF(I64="TERM","",IF(I64="",",",", "))) -> _______, | I96: =IF(I64="TERM","",IF(I64="NONE",REPT(" ",17),REPT(" ",15-LEN(I64))&I64))&IF(OR(I64="TERM",I64="NONE"),"",IF(J64="TERM","",IF(J64="",",",", "))) -> _______, | ... O96: =IF(O64="TERM","",IF(O64="NONE",REPT(" ",17),REPT(" ",15-LEN(O64))&O64))&IF(OR(O64="TERM",O64="NONE"),"",IF(P64="TERM","",IF(P64="",",",", ")))
A99: DEFAULT | B99: [_QWERTY] = LAYOUT(
B100: =B67&C67&D67&E67&F67&G67&H67&I67&J67&K67&L67&M67&N67&O67 -> KC_ESC, KC_1, KC_2, KC_3, KC_4, KC_5, KC_6, KC_7, KC_8, KC_9, KC_0, KC_MINS,
B101: =B68&C68&D68&E68&F68&G68&H68&I68&J68&K68&L68&M68&N68&O68 -> KC_LALT, KC_Q, KC_W, KC_E, KC_R, KC_T, KC_Y, KC_U, KC_I, KC_O, KC_P, KC_LBRC,
B102: =B69&C69&D69&E69&F69&G69&H69&I69&J69&K69&L69&M69&N69&O69 -> KC_TAB, KC_A, KC_S, KC_D, KC_F, KC_G, KC_H, KC_J, KC_K, KC_L, KC_SCLN, KC_QUOT,
B103: =B70&C70&D70&E70&F70&G70&H70&I70&J70&K70&L70&M70&N70&O70 -> KC_LCTL, KC_Z, KC_X, KC_C, KC_V, KC_B, KC_BSPC, KC_DEL, KC_N, KC_M, KC_COMM, KC_DOT, KC_SLSH, KC_INT1,
B104: =B71&C71&D71&E71&F71&G71&H71&I71&J71&K71&L71&M71&N71&O71 -> KC_LGUI, TG_R, MO_R, LSFT_SPC, RSTF_ENT, MO_L, TG_L, KC_APP
B105: ),
A106: LOWER | B106: [_LOWER] = LAYOUT(
B107: =B72&C72&D72&E72&F72&G72&H72&I72&J72&K72&L72&M72&N72&O72 -> _______, _______, _______, _______, _______, _______, _______, _______, _______, _______, _______, _______,
...
